State,SegmentClass,Phoneme,Language_Count
Andaman and Nicobar Islands,consonant,j,3
Andaman and Nicobar Islands,consonant,k,3
Andaman and Nicobar Islands,consonant,l,3
Andaman and Nicobar Islands,consonant,m,3
Andaman and Nicobar Islands,consonant,n,3
Andaman and Nicobar Islands,consonant,r,3
Andaman and Nicobar Islands,consonant,w,3
Andaman and Nicobar Islands,consonant,ŋ,3
Andaman and Nicobar Islands,consonant,b,2
Andaman and Nicobar Islands,consonant,p,2
Andaman and Nicobar Islands,consonant,t,2
Andaman and Nicobar Islands,consonant,t̠ʃ,2
Andaman and Nicobar Islands,consonant,ɡ,2
Andaman and Nicobar Islands,consonant,ɲ,2
Andaman and Nicobar Islands,consonant,ɾ,2
Andaman and Nicobar Islands,consonant,c,1
Andaman and Nicobar Islands,consonant,cç,1
Andaman and Nicobar Islands,consonant,d,1
Andaman and Nicobar Islands,consonant,d̠ʒ,1
Andaman and Nicobar Islands,consonant,d̪,1
Andaman and Nicobar Islands,consonant,d̪|d,1
Andaman and Nicobar Islands,consonant,f,1
Andaman and Nicobar Islands,consonant,h,1
Andaman and Nicobar Islands,consonant,k̙,1
Andaman and Nicobar Islands,consonant,l̪|l,1
Andaman and Nicobar Islands,consonant,n̠,1
Andaman and Nicobar Islands,consonant,n̪|n,1
Andaman and Nicobar Islands,consonant,s,1
Andaman and Nicobar Islands,consonant,s̪,1
Andaman and Nicobar Islands,consonant,tʰ,1
Andaman and Nicobar Islands,consonant,t̪,1
Andaman and Nicobar Islands,consonant,t̪|t,1
Andaman and Nicobar Islands,consonant,t̪ʰ,1
Andaman and Nicobar Islands,consonant,ɖ,1
Andaman and Nicobar Islands,consonant,ɟ,1
Andaman and Nicobar Islands,consonant,ɟʝ,1
Andaman and Nicobar Islands,consonant,ɳ,1
Andaman and Nicobar Islands,consonant,ɹ̪|ɹ,1
Andaman and Nicobar Islands,consonant,ʈ,1
Andaman and Nicobar Islands,consonant,ʈʰ,1
Andaman and Nicobar Islands,consonant,ʔ,1
Andaman and Nicobar Islands,consonant,θ,1
Andaman and Nicobar Islands,consonant,χ,1
Andaman and Nicobar Islands,vowel,e,3
Andaman and Nicobar Islands,vowel,i,3
Andaman and Nicobar Islands,vowel,o,3
Andaman and Nicobar Islands,vowel,u,3
Andaman and Nicobar Islands,vowel,ɔ,3
Andaman and Nicobar Islands,vowel,ɛ,3
Andaman and Nicobar Islands,vowel,a,2
Andaman and Nicobar Islands,vowel,ɯ,2
Andaman and Nicobar Islands,vowel,e̞,1
Andaman and Nicobar Islands,vowel,o̞,1
Andaman and Nicobar Islands,vowel,æ,1
Andaman and Nicobar Islands,vowel,ɒ,1
Andaman and Nicobar Islands,vowel,ɘ,1
Andaman and Nicobar Islands,vowel,ə,1
Andaman and Nicobar Islands,vowel,ɤ,1
Andaman and Nicobar Islands,vowel,ɪ,1
Andhra Pradesh,consonant,b,6
Andhra Pradesh,consonant,j,6
Andhra Pradesh,consonant,k,6
Andhra Pradesh,consonant,l,6
Andhra Pradesh,consonant,m,6
Andhra Pradesh,consonant,n,6
Andhra Pradesh,consonant,p,6
Andhra Pradesh,consonant,s,6
Andhra Pradesh,consonant,ɡ,6
Andhra Pradesh,consonant,r,5
Andhra Pradesh,consonant,w,5
Andhra Pradesh,consonant,ŋ,5
Andhra Pradesh,consonant,ɖ,5
Andhra Pradesh,consonant,ɳ,5
Andhra Pradesh,consonant,d,4
Andhra Pradesh,consonant,t,4
Andhra Pradesh,consonant,ɟʝ,4
Andhra Pradesh,consonant,ʈ,4
Andhra Pradesh,consonant,cç,3
Andhra Pradesh,consonant,d̪,3
Andhra Pradesh,consonant,h,3
Andhra Pradesh,consonant,t̪,3
Andhra Pradesh,consonant,z,3
Andhra Pradesh,consonant,ɲ,3
Andhra Pradesh,consonant,ɽ,3
Andhra Pradesh,consonant,ɾ,3
Andhra Pradesh,consonant,ʔ,3
Andhra Pradesh,consonant,c,2
Andhra Pradesh,consonant,mb,2
Andhra Pradesh,consonant,nd,2
Andhra Pradesh,consonant,n̪,2
Andhra Pradesh,consonant,ŋɡ,2
Andhra Pradesh,consonant,ɟ,2
Andhra Pradesh,consonant,ʂ,2
Andhra Pradesh,consonant,b̻,1
Andhra Pradesh,consonant,dz,1
Andhra Pradesh,consonant,dʑ,1
Andhra Pradesh,consonant,d̻,1
Andhra Pradesh,consonant,kʰ,1
Andhra Pradesh,consonant,k̻,1
Andhra Pradesh,consonant,l̥,1
Andhra Pradesh,consonant,ndz,1
Andhra Pradesh,consonant,ndʑ,1
Andhra Pradesh,consonant,pʰ,1
Andhra Pradesh,consonant,p̻,1
Andhra Pradesh,consonant,r̠ʲ,1
Andhra Pradesh,consonant,r̥,1
Andhra Pradesh,consonant,sʰ,1
Andhra Pradesh,consonant,ts,1
Andhra Pradesh,consonant,tsʰ,1
Andhra Pradesh,consonant,tɕ,1
Andhra Pradesh,consonant,tɕʰ,1
Andhra Pradesh,consonant,tʰ,1
Andhra Pradesh,consonant,x,1
Andhra Pradesh,consonant,xʰ,1
Andhra Pradesh,consonant,ɕ,1
Andhra Pradesh,consonant,ɕʰ,1
Andhra Pradesh,consonant,ɖʐ,1
Andhra Pradesh,consonant,ɣ,1
Andhra Pradesh,consonant,ɭ,1
Andhra Pradesh,consonant,ɲɟ,1
Andhra Pradesh,consonant,ɳɖ,1
Andhra Pradesh,consonant,ɳɖʐ,1
Andhra Pradesh,consonant,ʁ,1
Andhra Pradesh,consonant,ʂʰ,1
Andhra Pradesh,consonant,ʈʂ,1
Andhra Pradesh,consonant,ʈʂʰ,1
Andhra Pradesh,consonant,ʑ,1
Andhra Pradesh,vowel,i,6
Andhra Pradesh,vowel,u,6
Andhra Pradesh,vowel,a,5
Andhra Pradesh,vowel,e,5
Andhra Pradesh,vowel,o,5
Andhra Pradesh,vowel,iː,4
Andhra Pradesh,vowel,uː,4
Andhra Pradesh,vowel,ũː,4
Andhra Pradesh,vowel,æ̞̃,4
Andhra Pradesh,vowel,aː,3
Andhra Pradesh,vowel,eː,3
Andhra Pradesh,vowel,ĩː,3
Andhra Pradesh,vowel,oː,3
Andhra Pradesh,vowel,õː,3
Andhra Pradesh,vowel,õ̞,3
Andhra Pradesh,vowel,ũ,3
Andhra Pradesh,vowel,æ,3
Andhra Pradesh,vowel,ə,3
Andhra Pradesh,vowel,ə̃ː,3
Andhra Pradesh,vowel,ɛ,3
Andhra Pradesh,vowel,ɪ,3
Andhra Pradesh,vowel,ʊ̃,3
Andhra Pradesh,vowel,ã,2
Andhra Pradesh,vowel,ɑ,2
Andhra Pradesh,vowel,ɑ̃ː,2
Andhra Pradesh,vowel,ɔ,2
Andhra Pradesh,vowel,ɨ,2
Andhra Pradesh,vowel,ɪ̃,2
Andhra Pradesh,vowel,ʊ,2
Andhra Pradesh,vowel,ãː,1
Andhra Pradesh,vowel,ẽ,1
Andhra Pradesh,vowel,ẽː,1
Andhra Pradesh,vowel,ia,1
Andhra Pradesh,vowel,ĩ,1
Andhra Pradesh,vowel,oi,1
Andhra Pradesh,vowel,õ,1
Andhra Pradesh,vowel,ui,1
Andhra Pradesh,vowel,u̯a,1
Andhra Pradesh,vowel,u̯e,1
Andhra Pradesh,vowel,u̯i,1
Andhra Pradesh,vowel,y,1
Andhra Pradesh,vowel,ø,1
Andhra Pradesh,vowel,œ,1
Andhra Pradesh,vowel,ɑː,1
Andhra Pradesh,vowel,ɪː,1
Andhra Pradesh,vowel,ʉ,1
Andhra Pradesh,vowel,ʉː,1
Andhra Pradesh,vowel,ʌ,1
Arunachal Pradesh,consonant,b,6
Arunachal Pradesh,consonant,m,6
Arunachal Pradesh,consonant,s,6
Arunachal Pradesh,consonant,ŋ,6
Arunachal Pradesh,consonant,ɡ,6
Arunachal Pradesh,consonant,j,5
Arunachal Pradesh,consonant,k,5
Arunachal Pradesh,consonant,l,5
Arunachal Pradesh,consonant,p,5
Arunachal Pradesh,consonant,d,4
Arunachal Pradesh,consonant,n,4
Arunachal Pradesh,consonant,x,4
Arunachal Pradesh,consonant,cç,3
Arunachal Pradesh,consonant,h,3
Arunachal Pradesh,consonant,kʰ,3
Arunachal Pradesh,consonant,pʰ,3
Arunachal Pradesh,consonant,t,3
Arunachal Pradesh,consonant,ɟʝ,3
Arunachal Pradesh,consonant,ɲ,3
Arunachal Pradesh,consonant,ɾ,3
Arunachal Pradesh,consonant,ʔ,3
Arunachal Pradesh,consonant,d̪,2
Arunachal Pradesh,consonant,n̪,2
Arunachal Pradesh,consonant,r,2
Arunachal Pradesh,consonant,ts,2
Arunachal Pradesh,consonant,tʰ,2
Arunachal Pradesh,consonant,t̪,2
Arunachal Pradesh,consonant,w,2
Arunachal Pradesh,consonant,z,2
Arunachal Pradesh,consonant,bʲ,1
Arunachal Pradesh,consonant,dz,1
Arunachal Pradesh,consonant,dʑ,1
Arunachal Pradesh,consonant,d̠ʒ,1
Arunachal Pradesh,consonant,d̪|d,1
Arunachal Pradesh,consonant,lʲ,1
Arunachal Pradesh,consonant,l̥,1
Arunachal Pradesh,consonant,l̪,1
Arunachal Pradesh,consonant,mʲ,1
Arunachal Pradesh,consonant,nʲ,1
Arunachal Pradesh,consonant,n̪|n,1
Arunachal Pradesh,consonant,pʲ,1
Arunachal Pradesh,consonant,s̪|s,1
Arunachal Pradesh,consonant,tsʰ,1
Arunachal Pradesh,consonant,tɕ,1
Arunachal Pradesh,consonant,tɕʰ,1
Arunachal Pradesh,consonant,t̠ʃʰ,1
Arunachal Pradesh,consonant,t̪|t,1
Arunachal Pradesh,consonant,t̪ʰ,1
Arunachal Pradesh,consonant,ç,1
Arunachal Pradesh,consonant,ɕ,1
Arunachal Pradesh,consonant,ɖʐ,1
Arunachal Pradesh,consonant,ɡʲ,1
Arunachal Pradesh,consonant,ɣ,1
Arunachal Pradesh,consonant,ɦ,1
Arunachal Pradesh,consonant,ɸ,1
Arunachal Pradesh,consonant,ɻ,1
Arunachal Pradesh,consonant,ʂ,1
Arunachal Pradesh,consonant,ʃ,1
Arunachal Pradesh,consonant,ʈʂ,1
Arunachal Pradesh,consonant,ʈʂʰ,1
Arunachal Pradesh,consonant,ʑ,1
Arunachal Pradesh,consonant,β,1
Arunachal Pradesh,vowel,u,6
Arunachal Pradesh,vowel,e,5
Arunachal Pradesh,vowel,i,5
Arunachal Pradesh,vowel,o,5
Arunachal Pradesh,vowel,ə,5
Arunachal Pradesh,vowel,a,3
Arunachal Pradesh,vowel,ɔ,3
Arunachal Pradesh,vowel,aː,2
Arunachal Pradesh,vowel,iː,2
Arunachal Pradesh,vowel,uː,2
Arunachal Pradesh,vowel,ɑ,2
Arunachal Pradesh,vowel,ɛ,2
Arunachal Pradesh,vowel,ɨ,2
Arunachal Pradesh,vowel,ɯ,2
Arunachal Pradesh,vowel,ʌ,2
Arunachal Pradesh,vowel,eu,1
Arunachal Pradesh,vowel,eː,1
Arunachal Pradesh,vowel,io,1
Arunachal Pradesh,vowel,iu,1
Arunachal Pradesh,vowel,iɑ,1
Arunachal Pradesh,vowel,i̥,1
Arunachal Pradesh,vowel,oː,1
Arunachal Pradesh,vowel,ui,1
Arunachal Pradesh,vowel,uɑ,1
Arunachal Pradesh,vowel,ũː,1
Arunachal Pradesh,vowel,u̥,1
Arunachal Pradesh,vowel,y,1
Arunachal Pradesh,vowel,yu,1
Arunachal Pradesh,vowel,æ,1
Arunachal Pradesh,vowel,ø,1
Arunachal Pradesh,vowel,øu,1
Arunachal Pradesh,vowel,ɑi,1
Arunachal Pradesh,vowel,ɑu,1
Arunachal Pradesh,vowel,ɑː,1
Arunachal Pradesh,vowel,ɔː,1
Arunachal Pradesh,vowel,əu,1
Arunachal Pradesh,vowel,əː,1
Arunachal Pradesh,vowel,ɵ,1
Arunachal Pradesh,vowel,ɵː,1
Arunachal Pradesh,vowel,ʊ̃,1
Assam,consonant,b,6
Assam,consonant,d,6
Assam,consonant,j,6
Assam,consonant,k,6
Assam,consonant,l,6
Assam,consonant,m,6
Assam,consonant,n,6
Assam,consonant,p,6
Assam,consonant,t,6
Assam,consonant,ŋ,6
Assam,consonant,h,5
Assam,consonant,kʰ,5
Assam,consonant,pʰ,5
Assam,consonant,s,5
Assam,consonant,tʰ,5
Assam,consonant,w,5
Assam,consonant,ɡ,5
Assam,consonant,r,4
Assam,consonant,z,4
Assam,consonant,ɡʱ,4
Assam,consonant,b̤,3
Assam,consonant,d̤,3
Assam,consonant,ɾ,3
Assam,consonant,d̠ʒ,2
Assam,consonant,d̪,2
Assam,consonant,n̪,2
Assam,consonant,ts,2
Assam,consonant,t̠ʃ,2
Assam,consonant,t̪,2
Assam,consonant,x,2
Assam,consonant,ɟʝ,2
Assam,consonant,ɦ,2
Assam,consonant,ɲ,2
Assam,consonant,ʔ,2
Assam,consonant,bʱ,1
Assam,consonant,b̰,1
Assam,consonant,cç,1
Assam,consonant,cçʰ,1
Assam,consonant,dz,1
Assam,consonant,dʱ,1
Assam,consonant,d̠ʒʱ,1
Assam,consonant,d̪̤,1
Assam,consonant,l̩,1
Assam,consonant,n̩,1
Assam,consonant,r̩,1
Assam,consonant,tsʰ,1
Assam,consonant,t̠ʃʰ,1
Assam,consonant,t̪ʰ,1
Assam,consonant,t̪̰,1
Assam,consonant,z̤,1
Assam,consonant,ɡ̤,1
Assam,consonant,ɡ̰,1
Assam,consonant,ɹ,1
Assam,consonant,ɽ,1
Assam,vowel,a,6
Assam,vowel,e,6
Assam,vowel,i,6
Assam,vowel,u,6
Assam,vowel,o,5
Assam,vowel,ɔ,5
Assam,vowel,ɛ,4
Assam,vowel,ə,3
Assam,vowel,ʊ,3
Assam,vowel,ai,2
Assam,vowel,ei,2
Assam,vowel,oi,2
Assam,vowel,ui,2
Assam,vowel,ɪ,2
Assam,vowel,ae̞,1
Assam,vowel,ao,1
Assam,vowel,au,1
Assam,vowel,ã,1
Assam,vowel,eu,1
Assam,vowel,eə,1
Assam,vowel,ẽ,1
Assam,vowel,e̞,1
Assam,vowel,ẽ̞,1
Assam,vowel,ia,1
Assam,vowel,ie,1
Assam,vowel,io,1
Assam,vowel,iɔ,1
Assam,vowel,ĩ,1
Assam,vowel,i̯a,1
Assam,vowel,i̯u,1
Assam,vowel,i̯ɔ,1
Assam,vowel,oe̞,1
Assam,vowel,ou,1
Assam,vowel,õ,1
Assam,vowel,õ̞,1
Assam,vowel,ũ,1
Assam,vowel,ũː,1
Assam,vowel,u̞,1
Assam,vowel,u̯ə,1
Assam,vowel,æ̞̃,1
Assam,vowel,ɑ,1
Assam,vowel,ɑ̃,1
Assam,vowel,ɒ,1
Assam,vowel,ɛ̃,1
Assam,vowel,ɪ̃,1
Assam,vowel,ɯ,1
Assam,vowel,ʊ̃,1
Assam,vowel,ʌ̃,1
Bihar,consonant,b,3
Bihar,consonant,b̤,3
Bihar,consonant,d̪,3
Bihar,consonant,d̪̤,3
Bihar,consonant,j,3
Bihar,consonant,k,3
Bihar,consonant,kʰ,3
Bihar,consonant,m,3
Bihar,consonant,n,3
Bihar,consonant,p,3
Bihar,consonant,pʰ,3
Bihar,consonant,r,3
Bihar,consonant,s,3
Bihar,consonant,t̪,3
Bihar,consonant,t̪ʰ,3
Bihar,consonant,w,3
Bihar,consonant,ɖ,3
Bihar,consonant,ɖ̤,3
Bihar,consonant,ɡ,3
Bihar,consonant,ɡ̤,3
Bihar,consonant,ɽ,3
Bihar,consonant,ɽ̤,3
Bihar,consonant,ʈ,3
Bihar,consonant,ʈʰ,3
Bihar,consonant,c,2
Bihar,consonant,cʰ,2
Bihar,consonant,h,2
Bihar,consonant,l,2
Bihar,consonant,l̤,2
Bihar,consonant,m̤,2
Bihar,consonant,n̤,2
Bihar,consonant,rʰ,2
Bihar,consonant,ŋ,2
Bihar,consonant,ɟ,2
Bihar,consonant,ɟ̤,2
Bihar,consonant,cç,1
Bihar,consonant,cçʰ,1
Bihar,consonant,d̠ʒ,1
Bihar,consonant,d̠̤ʒ̤,1
Bihar,consonant,t̠ʃ,1
Bihar,consonant,t̠ʃʰ,1
Bihar,consonant,ç,1
Bihar,consonant,ŋʰ,1
Bihar,consonant,ɟʝ,1
Bihar,consonant,ɟ̤ʝ,1
Bihar,consonant,ɡʱ,1
Bihar,consonant,ɲ,1
Bihar,consonant,ɳ,1
Bihar,consonant,ɾ,1
Bihar,consonant,ʂ,1
Bihar,vowel,a,3
Bihar,vowel,ã,3
Bihar,vowel,e,3
Bihar,vowel,ẽ,3
Bihar,vowel,i,3
Bihar,vowel,ĩ,3
Bihar,vowel,o,3
Bihar,vowel,õ,3
Bihar,vowel,u,3
Bihar,vowel,ũ,3
Bihar,vowel,ai,2
Bihar,vowel,au,2
Bihar,vowel,əi,2
Bihar,vowel,əu,2
Bihar,vowel,ʌ,2
Bihar,vowel,ʌ̃,2
Bihar,vowel,ãĩ,1
Bihar,vowel,ãũ,1
Bihar,vowel,eu,1
Bihar,vowel,iu,1
Bihar,vowel,oi,1
Bihar,vowel,ou,1
Bihar,vowel,ui,1
Bihar,vowel,æ,1
Bihar,vowel,æ̃,1
Bihar,vowel,ɔ,1
Bihar,vowel,ɔ̃,1
Bihar,vowel,ə,1
Bihar,vowel,ə̃,1
Bihar,vowel,ə̃ĩ,1
Bihar,vowel,ə̃ũ,1
Chhattisgarh,consonant,b,3
Chhattisgarh,consonant,h,3
Chhattisgarh,consonant,j,3
Chhattisgarh,consonant,k,3
Chhattisgarh,consonant,l,3
Chhattisgarh,consonant,m,3
Chhattisgarh,consonant,n,3
Chhattisgarh,consonant,p,3
Chhattisgarh,consonant,s,3
Chhattisgarh,consonant,w,3
Chhattisgarh,consonant,ŋ,3
Chhattisgarh,consonant,ɡ,3
Chhattisgarh,consonant,cç,2
Chhattisgarh,consonant,d,2
Chhattisgarh,consonant,r,2
Chhattisgarh,consonant,t,2
Chhattisgarh,consonant,ɖ,2
Chhattisgarh,consonant,ɟʝ,2
Chhattisgarh,consonant,ɽ,2
Chhattisgarh,consonant,ʈ,2
Chhattisgarh,consonant,b̤,1
Chhattisgarh,consonant,c,1
Chhattisgarh,consonant,d̤,1
Chhattisgarh,consonant,d̪,1
Chhattisgarh,consonant,f,1
Chhattisgarh,consonant,kʰ,1
Chhattisgarh,consonant,pʰ,1
Chhattisgarh,consonant,r̥,1
Chhattisgarh,consonant,ts,1
Chhattisgarh,consonant,tʰ,1
Chhattisgarh,consonant,t̪,1
Chhattisgarh,consonant,v,1
Chhattisgarh,consonant,z,1
Chhattisgarh,consonant,ç,1
Chhattisgarh,consonant,ɟ,1
Chhattisgarh,consonant,ɡʱ,1
Chhattisgarh,consonant,ɲ,1
Chhattisgarh,consonant,ɾ,1
Chhattisgarh,consonant,ʔ,1
Chhattisgarh,vowel,a,3
Chhattisgarh,vowel,e,3
Chhattisgarh,vowel,i,3
Chhattisgarh,vowel,o,3
Chhattisgarh,vowel,u,3
Chhattisgarh,vowel,aː,1
Chhattisgarh,vowel,eː,1
Chhattisgarh,vowel,iː,1
Chhattisgarh,vowel,oː,1
Chhattisgarh,vowel,uː,1
Chhattisgarh,vowel,æ,1
Chhattisgarh,vowel,ø,1
Chhattisgarh,vowel,ɘ,1
Chhattisgarh,vowel,ɛ,1
Chhattisgarh,vowel,ɨ,1
Chhattisgarh,vowel,ɪ,1
Chhattisgarh,vowel,ʊ,1
Chhattisgarh,vowel,ʌ,1
Gujarat,consonant,b,3
Gujarat,consonant,b̤,3
Gujarat,consonant,d̪,3
Gujarat,consonant,d̪̤,3
Gujarat,consonant,h,3
Gujarat,consonant,j,3
Gujarat,consonant,k,3
Gujarat,consonant,kʰ,3
Gujarat,consonant,l,3
Gujarat,consonant,m,3
Gujarat,consonant,p,3
Gujarat,consonant,pʰ,3
Gujarat,consonant,s,3
Gujarat,consonant,t̪,3
Gujarat,consonant,t̪ʰ,3
Gujarat,consonant,ɖ,3
Gujarat,consonant,ɖ̤,3
Gujarat,consonant,ɡ,3
Gujarat,consonant,ɭ,3
Gujarat,consonant,ɾ,3
Gujarat,consonant,ʈ,3
Gujarat,consonant,ʈʰ,3
Gujarat,consonant,cç,2
Gujarat,consonant,d̠ʒ,2
Gujarat,consonant,d̠̤ʒ̤,2
Gujarat,consonant,n,2
Gujarat,consonant,n̪,2
Gujarat,consonant,t̠ʃ,2
Gujarat,consonant,w,2
Gujarat,consonant,ç,2
Gujarat,consonant,ɟʝ,2
Gujarat,consonant,ɟ̤ʝ,2
Gujarat,consonant,ɡ̤,2
Gujarat,consonant,ɦ,2
Gujarat,consonant,ʋ,2
Gujarat,consonant,cçʰ,1
Gujarat,consonant,dz,1
Gujarat,consonant,f,1
Gujarat,consonant,l̤,1
Gujarat,consonant,m̤,1
Gujarat,consonant,n̪̤,1
Gujarat,consonant,ts,1
Gujarat,consonant,t̠ʃʰ,1
Gujarat,consonant,v,1
Gujarat,consonant,ŋ,1
Gujarat,consonant,ɡʱ,1
Gujarat,consonant,ɲ,1
Gujarat,consonant,ɳ,1
Gujarat,consonant,ɺ,1
Gujarat,consonant,ɽ,1
Gujarat,consonant,ʂ,1
Gujarat,consonant,ʃ,1
Gujarat,vowel,i,3
Gujarat,vowel,o,3
Gujarat,vowel,õ,3
Gujarat,vowel,u,3
Gujarat,vowel,ũː,3
Gujarat,vowel,ə,3
Gujarat,vowel,ɛ,3
Gujarat,vowel,a,2
Gujarat,vowel,ä,2
Gujarat,vowel,e,2
Gujarat,vowel,ẽ̞,2
Gujarat,vowel,iː,2
Gujarat,vowel,ĩː,2
Gujarat,vowel,oː,2
Gujarat,vowel,õː,2
Gujarat,vowel,uː,2
Gujarat,vowel,ũ,2
Gujarat,vowel,aː,1
Gujarat,vowel,aˑ,1
Gujarat,vowel,ã,1
Gujarat,vowel,ã̈,1
Gujarat,vowel,ã̈ː,1
Gujarat,vowel,ã̤̈ː,1
Gujarat,vowel,ä̤,1
Gujarat,vowel,eː,1
Gujarat,vowel,eˑ,1
Gujarat,vowel,ẽ,1
Gujarat,vowel,e̤,1
Gujarat,vowel,iˑ,1
Gujarat,vowel,ĩ,1
Gujarat,vowel,i̤,1
Gujarat,vowel,i̤ː,1
Gujarat,vowel,ĩ̤ː,1
Gujarat,vowel,oˑ,1
Gujarat,vowel,o̤,1
Gujarat,vowel,uˑ,1
Gujarat,vowel,ṳ,1
Gujarat,vowel,ṳː,1
Gujarat,vowel,ṳ̃ː,1
Gujarat,vowel,æ,1
Gujarat,vowel,ɑ̃,1
Gujarat,vowel,ɑ̤,1
Gujarat,vowel,ɔ,1
Gujarat,vowel,ɔ̃ː,1
Gujarat,vowel,ɔ̤,1
Gujarat,vowel,ɔ̤̃ː,1
Gujarat,vowel,əː,1
Gujarat,vowel,əˑ,1
Gujarat,vowel,ə̃,1
Gujarat,vowel,ə̃ː,1
Gujarat,vowel,ə̤,1
Gujarat,vowel,ə̤̃ː,1
Gujarat,vowel,ɛː,1
Gujarat,vowel,ɛ̃ː,1
Gujarat,vowel,ɛ̤,1
Gujarat,vowel,ɛ̤̃ː,1
Gujarat,vowel,ɨ,1
Gujarat,vowel,ɨː,1
Gujarat,vowel,ɨˑ,1
Gujarat,vowel,ɪ,1
Gujarat,vowel,ʊ,1
Gujarat,vowel,ʊ̃,1
Haryana,consonant,b,1
Haryana,consonant,bʱ,1
Haryana,consonant,d̠ʒ,1
Haryana,consonant,d̠ʒʱ,1
Haryana,consonant,d̪,1
Haryana,consonant,d̪ʱ,1
Haryana,consonant,h,1
Haryana,consonant,j,1
Haryana,consonant,k,1
Haryana,consonant,kʰ,1
Haryana,consonant,l̪,1
Haryana,consonant,m,1
Haryana,consonant,n̪,1
Haryana,consonant,p,1
Haryana,consonant,pʰ,1
Haryana,consonant,r̪,1
Haryana,consonant,s̪,1
Haryana,consonant,t̠ʃ,1
Haryana,consonant,t̠ʃʰ,1
Haryana,consonant,t̪,1
Haryana,consonant,t̪ʰ,1
Haryana,consonant,w,1
Haryana,consonant,ɖ,1
Haryana,consonant,ɖʱ,1
Haryana,consonant,ɡ,1
Haryana,consonant,ɡʱ,1
Haryana,consonant,ɳ,1
Haryana,consonant,ɽ,1
Haryana,consonant,ʈ,1
Haryana,consonant,ʈʰ,1
Haryana,vowel,a,1
Haryana,vowel,ã,1
Haryana,vowel,e,1
Haryana,vowel,ẽ,1
Haryana,vowel,i,1
Haryana,vowel,ĩ,1
Haryana,vowel,o,1
Haryana,vowel,õ,1
Haryana,vowel,u,1
Haryana,vowel,ũ,1
Haryana,vowel,ɔ,1
Haryana,vowel,ɔ̃,1
Haryana,vowel,ə,1
Haryana,vowel,ə̃,1
Haryana,vowel,ɛ,1
Haryana,vowel,ɛ̃,1
Haryana,vowel,ɪ,1
Haryana,vowel,ɪ̃,1
Haryana,vowel,ʊ,1
Haryana,vowel,ʊ̃,1
Himachal Pradesh,consonant,b,5
Himachal Pradesh,consonant,j,5
Himachal Pradesh,consonant,k,5
Himachal Pradesh,consonant,kʰ,5
Himachal Pradesh,consonant,p,5
Himachal Pradesh,consonant,pʰ,5
Himachal Pradesh,consonant,r,5
Himachal Pradesh,consonant,w,5
Himachal Pradesh,consonant,ŋ,5
Himachal Pradesh,consonant,ɖ,5
Himachal Pradesh,consonant,ɡ,5
Himachal Pradesh,consonant,ʈ,5
Himachal Pradesh,consonant,ʈʰ,5
Himachal Pradesh,consonant,d̪,4
Himachal Pradesh,consonant,l,4
Himachal Pradesh,consonant,m,4
Himachal Pradesh,consonant,n,4
Himachal Pradesh,consonant,t̪,4
Himachal Pradesh,consonant,t̪ʰ,4
Himachal Pradesh,consonant,ɲ,4
Himachal Pradesh,consonant,h,3
Himachal Pradesh,consonant,s,3
Himachal Pradesh,consonant,z,3
Himachal Pradesh,consonant,ɭ,3
Himachal Pradesh,consonant,ɳ,3
Himachal Pradesh,consonant,ɽ,3
Himachal Pradesh,consonant,ʂ,3
Himachal Pradesh,consonant,c,2
Himachal Pradesh,consonant,cç,2
Himachal Pradesh,consonant,cçʰ,2
Himachal Pradesh,consonant,dz,2
Himachal Pradesh,consonant,d̪̤,2
Himachal Pradesh,consonant,ts,2
Himachal Pradesh,consonant,tsʰ,2
Himachal Pradesh,consonant,ɟ,2
Himachal Pradesh,consonant,ɟʝ,2
Himachal Pradesh,consonant,ʃ,2
Himachal Pradesh,consonant,ʒ,2
Himachal Pradesh,consonant,b̤,1
Himachal Pradesh,consonant,cʰ,1
Himachal Pradesh,consonant,c̤,1
Himachal Pradesh,consonant,d,1
Himachal Pradesh,consonant,dʑ,1
Himachal Pradesh,consonant,d̠ʒ,1
Himachal Pradesh,consonant,f,1
Himachal Pradesh,consonant,l̤,1
Himachal Pradesh,consonant,l̪,1
Himachal Pradesh,consonant,m̤,1
Himachal Pradesh,consonant,n̤,1
Himachal Pradesh,consonant,n̪,1
Himachal Pradesh,consonant,r̤,1
Himachal Pradesh,consonant,s̪,1
Himachal Pradesh,consonant,t,1
Himachal Pradesh,consonant,tɕ,1
Himachal Pradesh,consonant,tɕʰ,1
Himachal Pradesh,consonant,tʰ,1
Himachal Pradesh,consonant,t̠ʃ,1
Himachal Pradesh,consonant,t̠ʃʰ,1
Himachal Pradesh,consonant,v,1
Himachal Pradesh,consonant,z̪,1
Himachal Pradesh,consonant,ç,1
Himachal Pradesh,consonant,ɖ̤,1
Himachal Pradesh,consonant,ɟ̤,1
Himachal Pradesh,consonant,ɡ̤,1
Himachal Pradesh,consonant,ɽ̃,1
Himachal Pradesh,consonant,ɽ̤,1
Himachal Pradesh,consonant,ɽ̩,1
Himachal Pradesh,consonant,ʐ,1
Himachal Pradesh,vowel,e,5
Himachal Pradesh,vowel,o,5
Himachal Pradesh,vowel,i,4
Himachal Pradesh,vowel,u,4
Himachal Pradesh,vowel,a,3
Himachal Pradesh,vowel,ə,3
Himachal Pradesh,vowel,aː,2
Himachal Pradesh,vowel,iː,2
Himachal Pradesh,vowel,uː,2
Himachal Pradesh,vowel,ɔ,2
Himachal Pradesh,vowel,eː,1
Himachal Pradesh,vowel,oː,1
Himachal Pradesh,vowel,æ,1
Himachal Pradesh,vowel,æː,1
Himachal Pradesh,vowel,ɐ,1
Himachal Pradesh,vowel,ɑ,1
Himachal Pradesh,vowel,ɔː,1
Himachal Pradesh,vowel,ɘ,1
Himachal Pradesh,vowel,ɛ,1
Himachal Pradesh,vowel,ɛː,1
Himachal Pradesh,vowel,ɜ,1
Himachal Pradesh,vowel,ɨ,1
Himachal Pradesh,vowel,ɪ,1
Himachal Pradesh,vowel,ʊ,1
Jharkhand,consonant,b,3
Jharkhand,consonant,b̤,3
Jharkhand,consonant,c,3
Jharkhand,consonant,cç,3
Jharkhand,consonant,cçʰ,3
Jharkhand,consonant,d,3
Jharkhand,consonant,d̠ʒ,3
Jharkhand,consonant,d̠ʒ̤,3
Jharkhand,consonant,d̤,3
Jharkhand,consonant,d̪,3
Jharkhand,consonant,d̪̤,3
Jharkhand,consonant,h,3
Jharkhand,consonant,j,3
Jharkhand,consonant,k,3
Jharkhand,consonant,kʰ,3
Jharkhand,consonant,l,3
Jharkhand,consonant,m,3
Jharkhand,consonant,n,3
Jharkhand,consonant,n̪,3
Jharkhand,consonant,p,3
Jharkhand,consonant,pʰ,3
Jharkhand,consonant,s,3
Jharkhand,consonant,t,3
Jharkhand,consonant,tʰ,3
Jharkhand,consonant,t̠ʃ,3
Jharkhand,consonant,t̠ʃʰ,3
Jharkhand,consonant,t̪,3
Jharkhand,consonant,t̪ʰ,3
Jharkhand,consonant,w,3
Jharkhand,consonant,ŋ,3
Jharkhand,consonant,ɖ,3
Jharkhand,consonant,ɖ̤,3
Jharkhand,consonant,ɟ,3
Jharkhand,consonant,ɟʝ,3
Jharkhand,consonant,ɡ,3
Jharkhand,consonant,ɡʱ,3
Jharkhand,consonant,ɡ̤,3
Jharkhand,consonant,ɲ,3
Jharkhand,consonant,ɳ,3
Jharkhand,consonant,ɽ,3
Jharkhand,consonant,ʈ,3
Jharkhand,consonant,ʈʰ,3
Jharkhand,consonant,ʔ,3
Jharkhand,consonant,l̪,2
Jharkhand,consonant,l̪|l,2
Jharkhand,consonant,n̪|n,2
Jharkhand,consonant,r,2
Jharkhand,consonant,s̪,2
Jharkhand,consonant,s̪|s,2
Jharkhand,consonant,ɟ̤ʝ,2
Jharkhand,consonant,ɾ,2
Jharkhand,consonant,ˀb,2
Jharkhand,consonant,bʱ,1
Jharkhand,consonant,cʰ,1
Jharkhand,consonant,d̠ʒː,1
Jharkhand,consonant,d̪|d,1
Jharkhand,consonant,d̪ʱ,1
Jharkhand,consonant,d̪ː,1
Jharkhand,consonant,f,1
Jharkhand,consonant,jː,1
Jharkhand,consonant,kː,1
Jharkhand,consonant,lː,1
Jharkhand,consonant,pː,1
Jharkhand,consonant,rː,1
Jharkhand,consonant,r̠,1
Jharkhand,consonant,r̪|r,1
Jharkhand,consonant,s̪ː,1
Jharkhand,consonant,ts,1
Jharkhand,consonant,tsʰ,1
Jharkhand,consonant,t̠ʃː,1
Jharkhand,consonant,t̪|t,1
Jharkhand,consonant,t̪ː,1
Jharkhand,consonant,wː,1
Jharkhand,consonant,x,1
Jharkhand,consonant,ŋː,1
Jharkhand,consonant,ɖː,1
Jharkhand,consonant,ɗ,1
Jharkhand,consonant,ɗʱ,1
Jharkhand,consonant,ɟʱ,1
Jharkhand,consonant,ɟ̤,1
Jharkhand,consonant,ɦ,1
Jharkhand,consonant,ɭ,1
Jharkhand,consonant,ɸ,1
Jharkhand,consonant,ɽʱ,1
Jharkhand,consonant,ɽ̤,1
Jharkhand,consonant,ɾ̪,1
Jharkhand,consonant,ʈː,1
Jharkhand,consonant,ˀd,1
Jharkhand,consonant,ˀd̠ʒ,1
Jharkhand,consonant,ˀɖ,1
Jharkhand,consonant,ˀɗ,1
Jharkhand,consonant,ˀɟ,1
Jharkhand,consonant,ˀɡ,1
Jharkhand,consonant,χ,1
Jharkhand,vowel,a,3
Jharkhand,vowel,e,3
Jharkhand,vowel,i,3
Jharkhand,vowel,iː,3
Jharkhand,vowel,o,3
Jharkhand,vowel,oː,3
Jharkhand,vowel,o̞,3
Jharkhand,vowel,õ̞,3
Jharkhand,vowel,u,3
Jharkhand,vowel,uː,3
Jharkhand,vowel,ũː,3
Jharkhand,vowel,ɪ,3
Jharkhand,vowel,ɪ̃,3
Jharkhand,vowel,ʊ,3
Jharkhand,vowel,ʊ̃,3
Jharkhand,vowel,aː,2
Jharkhand,vowel,ã,2
Jharkhand,vowel,eː,2
Jharkhand,vowel,e̞,2
Jharkhand,vowel,ẽ̞,2
Jharkhand,vowel,ĩ,2
Jharkhand,vowel,ũ,2
Jharkhand,vowel,u̞,2
Jharkhand,vowel,æ̞̃,2
Jharkhand,vowel,ɑ,2
Jharkhand,vowel,ɔ,2
Jharkhand,vowel,ə,2
Jharkhand,vowel,ɛ,2
Jharkhand,vowel,ʌ,2
Jharkhand,vowel,ao,1
Jharkhand,vowel,ãː,1
Jharkhand,vowel,ẽ,1
Jharkhand,vowel,e̞ː,1
Jharkhand,vowel,ẽ̞ː,1
Jharkhand,vowel,ĩː,1
Jharkhand,vowel,oi,1
Jharkhand,vowel,ou,1
Jharkhand,vowel,õ,1
Jharkhand,vowel,õː,1
Jharkhand,vowel,o̞ː,1
Jharkhand,vowel,õ̞ː,1
Jharkhand,vowel,ui,1
Jharkhand,vowel,æ,1
Jharkhand,vowel,ɑ̃,1
Jharkhand,vowel,ɑ̃ː,1
Jharkhand,vowel,ɔ̃,1
Jharkhand,vowel,ɔ̃ː,1
Jharkhand,vowel,əː,1
Jharkhand,vowel,ə̃,1
Jharkhand,vowel,ɛ̃,1
Jharkhand,vowel,ʌ̃,1
Karnataka,consonant,b,6
Karnataka,consonant,cç,6
Karnataka,consonant,d̪,6
Karnataka,consonant,j,6
Karnataka,consonant,k,6
Karnataka,consonant,l,6
Karnataka,consonant,m,6
Karnataka,consonant,n̪,6
Karnataka,consonant,p,6
Karnataka,consonant,s,6
Karnataka,consonant,t̪,6
Karnataka,consonant,w,6
Karnataka,consonant,ŋ,6
Karnataka,consonant,ɖ,6
Karnataka,consonant,ɡ,6
Karnataka,consonant,ɳ,6
Karnataka,consonant,ʈ,6
Karnataka,consonant,ç,5
Karnataka,consonant,ɟʝ,5
Karnataka,consonant,ɭ,5
Karnataka,consonant,ɲ,5
Karnataka,consonant,n,4
Karnataka,consonant,r,4
Karnataka,consonant,ʂ,4
Karnataka,consonant,c,3
Karnataka,consonant,h,3
Karnataka,consonant,s̪,3
Karnataka,consonant,ɟ,3
Karnataka,consonant,l̪,2
Karnataka,consonant,r̪,2
Karnataka,consonant,v,2
Karnataka,consonant,ɽ,2
Karnataka,consonant,ɾ,2
Karnataka,consonant,ʃ,2
Karnataka,consonant,b̤,1
Karnataka,consonant,cçʰ,1
Karnataka,consonant,cʰ,1
Karnataka,consonant,dz,1
Karnataka,consonant,d̠ʒ,1
Karnataka,consonant,d̪̤,1
Karnataka,consonant,f,1
Karnataka,consonant,kʰ,1
Karnataka,consonant,pʰ,1
Karnataka,consonant,ts,1
Karnataka,consonant,t̠ʃ,1
Karnataka,consonant,t̪ʰ,1
Karnataka,consonant,x,1
Karnataka,consonant,z̪,1
Karnataka,consonant,ð,1
Karnataka,consonant,ɖ̤,1
Karnataka,consonant,ɟ̤,1
Karnataka,consonant,ɟ̤ʝ,1
Karnataka,consonant,ɡʱ,1
Karnataka,consonant,ɡ̤,1
Karnataka,consonant,ʈʰ,1
Karnataka,consonant,ʋ,1
Karnataka,vowel,a,6
Karnataka,vowel,e,6
Karnataka,vowel,eː,6
Karnataka,vowel,i,6
Karnataka,vowel,iː,6
Karnataka,vowel,o,6
Karnataka,vowel,oː,6
Karnataka,vowel,u,6
Karnataka,vowel,uː,6
Karnataka,vowel,aː,5
Karnataka,vowel,ɛ,4
Karnataka,vowel,ɛː,4
Karnataka,vowel,ɑ,3
Karnataka,vowel,ɑː,3
Karnataka,vowel,ə,3
Karnataka,vowel,ɨ,3
Karnataka,vowel,ɔ,2
Karnataka,vowel,ɪ,2
Karnataka,vowel,ɯ,2
Karnataka,vowel,ʊ,2
Karnataka,vowel,ʌ,2
Karnataka,vowel,ë,1
Karnataka,vowel,ëː,1
Karnataka,vowel,e̞,1
Karnataka,vowel,ĩː,1
Karnataka,vowel,õ̞,1
Karnataka,vowel,ũ,1
Karnataka,vowel,ũː,1
Karnataka,vowel,u̞,1
Karnataka,vowel,æ,1
Karnataka,vowel,æ̞̃,1
Karnataka,vowel,ɐ,1
Karnataka,vowel,əː,1
Karnataka,vowel,ɨː,1
Karnataka,vowel,ɨ̃ː,1
Karnataka,vowel,ɪ̃,1
Karnataka,vowel,ɯː,1
Karnataka,vowel,ʊ̃,1
Kashmir,consonant,b,7
Kashmir,consonant,j,7
Kashmir,consonant,k,7
Kashmir,consonant,kʰ,7
Kashmir,consonant,l,7
Kashmir,consonant,m,7
Kashmir,consonant,p,7
Kashmir,consonant,pʰ,7
Kashmir,consonant,s,7
Kashmir,consonant,w,7
Kashmir,consonant,z,7
Kashmir,consonant,ŋ,7
Kashmir,consonant,ɡ,7
Kashmir,consonant,cç,6
Kashmir,consonant,cçʰ,6
Kashmir,consonant,d̪,6
Kashmir,consonant,h,6
Kashmir,consonant,n,6
Kashmir,consonant,r,6
Kashmir,consonant,ts,6
Kashmir,consonant,t̪,6
Kashmir,consonant,t̪ʰ,6
Kashmir,consonant,ç,6
Kashmir,consonant,ɖ,6
Kashmir,consonant,ɟʝ,6
Kashmir,consonant,ʈ,6
Kashmir,consonant,tsʰ,5
Kashmir,consonant,ɲ,5
Kashmir,consonant,ʈʰ,5
Kashmir,consonant,d,4
Kashmir,consonant,d̠ʒ,4
Kashmir,consonant,q,4
Kashmir,consonant,t,4
Kashmir,consonant,tʰ,4
Kashmir,consonant,t̠ʃ,4
Kashmir,consonant,t̠ʃʰ,4
Kashmir,consonant,x,4
Kashmir,consonant,ɣ,4
Kashmir,consonant,ʃ,4
Kashmir,consonant,ʝ,4
Kashmir,consonant,f,3
Kashmir,consonant,ɳ,3
Kashmir,consonant,ʐ,3
Kashmir,consonant,ʒ,3
Kashmir,consonant,χ,3
Kashmir,consonant,dz,2
Kashmir,consonant,l̥,2
Kashmir,consonant,n̪,2
Kashmir,consonant,ɦ,2
Kashmir,consonant,ɭ,2
Kashmir,consonant,ɮ,2
Kashmir,consonant,ɽ,2
Kashmir,consonant,ʁ,2
Kashmir,consonant,ʂ,2
Kashmir,consonant,ʈʂ,2
Kashmir,consonant,ʈʂʰ,2
Kashmir,consonant,c,1
Kashmir,consonant,dʱ,1
Kashmir,consonant,d̠ʒʲ,1
Kashmir,consonant,k̙,1
Kashmir,consonant,l̤,1
Kashmir,consonant,l̪,1
Kashmir,consonant,r̥,1
Kashmir,consonant,s̪,1
Kashmir,consonant,t̠ʃʲ,1
Kashmir,consonant,t̠ʃʲʰ,1
Kashmir,consonant,v,1
Kashmir,consonant,x̥,1
Kashmir,consonant,z̥,1
Kashmir,consonant,z̪,1
Kashmir,consonant,ð,1
Kashmir,consonant,ɖʐ,1
Kashmir,consonant,ɗ,1
Kashmir,consonant,ɡ̙,1
Kashmir,consonant,ɢ,1
Kashmir,consonant,ɣ̥,1
Kashmir,consonant,ɾ̪,1
Kashmir,consonant,ʃʲ,1
Kashmir,consonant,β,1
Kashmir,vowel,a,7
Kashmir,vowel,e,7
Kashmir,vowel,i,7
Kashmir,vowel,o,7
Kashmir,vowel,u,7
Kashmir,vowel,aː,5
Kashmir,vowel,eː,5
Kashmir,vowel,iː,5
Kashmir,vowel,oː,5
Kashmir,vowel,uː,5
Kashmir,vowel,ə,5
Kashmir,vowel,ɛ,4
Kashmir,vowel,ɔ,3
Kashmir,vowel,ɛː,3
Kashmir,vowel,aˑ,2
Kashmir,vowel,ãː,2
Kashmir,vowel,ẽː,2
Kashmir,vowel,iˑ,2
Kashmir,vowel,ĩ,2
Kashmir,vowel,ĩː,2
Kashmir,vowel,oˑ,2
Kashmir,vowel,õː,2
Kashmir,vowel,õ̞,2
Kashmir,vowel,uˑ,2
Kashmir,vowel,ũː,2
Kashmir,vowel,æ̞̃,2
Kashmir,vowel,ɑ̃,2
Kashmir,vowel,ɔː,2
Kashmir,vowel,ɔ̃ː,2
Kashmir,vowel,ə̃,2
Kashmir,vowel,ɛ̃ː,2
Kashmir,vowel,ɪ̃,2
Kashmir,vowel,ã,1
Kashmir,vowel,eˑ,1
Kashmir,vowel,ẽ,1
Kashmir,vowel,e̞,1
Kashmir,vowel,ẽ̞,1
Kashmir,vowel,õ,1
Kashmir,vowel,ũ,1
Kashmir,vowel,u̞,1
Kashmir,vowel,æ,1
Kashmir,vowel,ɑ̃ː,1
Kashmir,vowel,ɒ,1
Kashmir,vowel,ɘ,1
Kashmir,vowel,ɘː,1
Kashmir,vowel,ɘ̃ː,1
Kashmir,vowel,əː,1
Kashmir,vowel,ə̃ː,1
Kashmir,vowel,ɜ,1
Kashmir,vowel,ɜ̃,1
Kashmir,vowel,ɨ,1
Kashmir,vowel,ɨː,1
Kashmir,vowel,ɨ̃,1
Kashmir,vowel,ɨ̃ː,1
Kashmir,vowel,ɨ̆,1
Kashmir,vowel,ɪ,1
Kashmir,vowel,ʊ,1
Kashmir,vowel,ʊ̃,1
Kashmir,vowel,ʌ,1
Kerala,consonant,b,2
Kerala,consonant,c,2
Kerala,consonant,d̪,2
Kerala,consonant,j,2
Kerala,consonant,k,2
Kerala,consonant,l,2
Kerala,consonant,m,2
Kerala,consonant,n,2
Kerala,consonant,n̪,2
Kerala,consonant,p,2
Kerala,consonant,r,2
Kerala,consonant,s,2
Kerala,consonant,t̪,2
Kerala,consonant,w,2
Kerala,consonant,ɖ,2
Kerala,consonant,ɟ,2
Kerala,consonant,ɡ,2
Kerala,consonant,ɭ,2
Kerala,consonant,ɳ,2
Kerala,consonant,ʂ,2
Kerala,consonant,ʈ,2
Kerala,consonant,b̤,1
Kerala,consonant,cʰ,1
Kerala,consonant,d,1
Kerala,consonant,d̤,1
Kerala,consonant,f,1
Kerala,consonant,h,1
Kerala,consonant,kʰ,1
Kerala,consonant,l̠˞,1
Kerala,consonant,pʰ,1
Kerala,consonant,r̪,1
Kerala,consonant,t,1
Kerala,consonant,tʰ,1
Kerala,consonant,x,1
Kerala,consonant,ç,1
Kerala,consonant,ð,1
Kerala,consonant,ŋ,1
Kerala,consonant,ɖ̤,1
Kerala,consonant,ɟ̤,1
Kerala,consonant,ɡ̤,1
Kerala,consonant,ɣ,1
Kerala,consonant,ɲ,1
Kerala,consonant,ɽ,1
Kerala,consonant,ɾ,1
Kerala,consonant,ʃ,1
Kerala,consonant,ʈʰ,1
Kerala,consonant,ʋ,1
Kerala,consonant,ʐ,1
Kerala,consonant,β,1
Kerala,vowel,e,2
Kerala,vowel,i,2
Kerala,vowel,iː,2
Kerala,vowel,o,2
Kerala,vowel,u,2
Kerala,vowel,uː,2
Kerala,vowel,ʊ,2
Kerala,vowel,a,1
Kerala,vowel,ai,1
Kerala,vowel,au,1
Kerala,vowel,aː,1
Kerala,vowel,ä,1
Kerala,vowel,ei,1
Kerala,vowel,eː,1
Kerala,vowel,ë,1
Kerala,vowel,e̞,1
Kerala,vowel,ë̞,1
Kerala,vowel,ï,1
Kerala,vowel,oi,1
Kerala,vowel,oː,1
Kerala,vowel,üː,1
Kerala,vowel,u̞,1
Kerala,vowel,æ,1
Kerala,vowel,ɑ,1
Kerala,vowel,ɑ̈,1
Kerala,vowel,ɑ̈ː,1
Kerala,vowel,ə,1
Kerala,vowel,ɛ,1
Kerala,vowel,ɨ,1
Kerala,vowel,ɪ,1
Kerala,vowel,ʌ,1
Madhya Pradesh,consonant,b,3
Madhya Pradesh,consonant,b̤,3
Madhya Pradesh,consonant,h,3
Madhya Pradesh,consonant,j,3
Madhya Pradesh,consonant,k,3
Madhya Pradesh,consonant,kʰ,3
Madhya Pradesh,consonant,l,3
Madhya Pradesh,consonant,m,3
Madhya Pradesh,consonant,p,3
Madhya Pradesh,consonant,pʰ,3
Madhya Pradesh,consonant,r,3
Madhya Pradesh,consonant,s,3
Madhya Pradesh,consonant,ɖ,3
Madhya Pradesh,consonant,ɖ̤,3
Madhya Pradesh,consonant,ɡ,3
Madhya Pradesh,consonant,ɡʱ,3
Madhya Pradesh,consonant,ɽ,3
Madhya Pradesh,consonant,ʈ,3
Madhya Pradesh,consonant,ʈʰ,3
Madhya Pradesh,consonant,cç,2
Madhya Pradesh,consonant,cçʰ,2
Madhya Pradesh,consonant,d̪,2
Madhya Pradesh,consonant,d̪̤,2
Madhya Pradesh,consonant,m̤,2
Madhya Pradesh,consonant,n,2
Madhya Pradesh,consonant,t̪,2
Madhya Pradesh,consonant,t̪ʰ,2
Madhya Pradesh,consonant,w,2
Madhya Pradesh,consonant,ŋ,2
Madhya Pradesh,consonant,ɟʝ,2
Madhya Pradesh,consonant,ɟ̤ʝ,2
Madhya Pradesh,consonant,ɲ,2
Madhya Pradesh,consonant,ɳ,2
Madhya Pradesh,consonant,c,1
Madhya Pradesh,consonant,c̤,1
Madhya Pradesh,consonant,d,1
Madhya Pradesh,consonant,d̤,1
Madhya Pradesh,consonant,l̤,1
Madhya Pradesh,consonant,n̤,1
Madhya Pradesh,consonant,n̪,1
Madhya Pradesh,consonant,r̤,1
Madhya Pradesh,consonant,t,1
Madhya Pradesh,consonant,tʰ,1
Madhya Pradesh,consonant,v,1
Madhya Pradesh,consonant,ɟ,1
Madhya Pradesh,consonant,ɟ̤,1
Madhya Pradesh,consonant,ɡ̤,1
Madhya Pradesh,consonant,ɦ,1
Madhya Pradesh,consonant,ɭ,1
Madhya Pradesh,consonant,ɽ̤,1
Madhya Pradesh,consonant,ɾ,1
Madhya Pradesh,consonant,ʔ,1
Madhya Pradesh,vowel,e,3
Madhya Pradesh,vowel,i,3
Madhya Pradesh,vowel,o,3
Madhya Pradesh,vowel,u,3
Madhya Pradesh,vowel,ũː,3
Madhya Pradesh,vowel,ʊ̃,3
Madhya Pradesh,vowel,a,2
Madhya Pradesh,vowel,ã,2
Madhya Pradesh,vowel,ĩ,2
Madhya Pradesh,vowel,õ,2
Madhya Pradesh,vowel,õ̞,2
Madhya Pradesh,vowel,æ,2
Madhya Pradesh,vowel,æ̞̃,2
Madhya Pradesh,vowel,ɪ̃,2
Madhya Pradesh,vowel,eː,1
Madhya Pradesh,vowel,ẽ,1
Madhya Pradesh,vowel,ẽ̞,1
Madhya Pradesh,vowel,iː,1
Madhya Pradesh,vowel,oː,1
Madhya Pradesh,vowel,uː,1
Madhya Pradesh,vowel,ũ,1
Madhya Pradesh,vowel,ɑ,1
Madhya Pradesh,vowel,ɑː,1
Madhya Pradesh,vowel,ɑ̃,1
Madhya Pradesh,vowel,ɔ,1
Madhya Pradesh,vowel,ə,1
Madhya Pradesh,vowel,ə̃,1
Madhya Pradesh,vowel,ɛ,1
Madhya Pradesh,vowel,ɛ̃,1
Madhya Pradesh,vowel,ɨ,1
Madhya Pradesh,vowel,ɪ,1
Madhya Pradesh,vowel,ʊ,1
Maharashtra,consonant,b,5
Maharashtra,consonant,cç,5
Maharashtra,consonant,d̪,5
Maharashtra,consonant,j,5
Maharashtra,consonant,k,5
Maharashtra,consonant,l,5
Maharashtra,consonant,m,5
Maharashtra,consonant,p,5
Maharashtra,consonant,s,5
Maharashtra,consonant,t̪,5
Maharashtra,consonant,ɖ,5
Maharashtra,consonant,ɟʝ,5
Maharashtra,consonant,ɡ,5
Maharashtra,consonant,ʈ,5
Maharashtra,consonant,h,4
Maharashtra,consonant,w,4
Maharashtra,consonant,ɳ,4
Maharashtra,consonant,b̤,3
Maharashtra,consonant,cçʰ,3
Maharashtra,consonant,dz,3
Maharashtra,consonant,d̪̤,3
Maharashtra,consonant,kʰ,3
Maharashtra,consonant,n,3
Maharashtra,consonant,n̪,3
Maharashtra,consonant,pʰ,3
Maharashtra,consonant,r,3
Maharashtra,consonant,ts,3
Maharashtra,consonant,t̪ʰ,3
Maharashtra,consonant,ç,3
Maharashtra,consonant,ŋ,3
Maharashtra,consonant,ɖ̤,3
Maharashtra,consonant,ɟ̤ʝ,3
Maharashtra,consonant,ɡʱ,3
Maharashtra,consonant,ɭ,3
Maharashtra,consonant,ʂ,3
Maharashtra,consonant,ʈʰ,3
Maharashtra,consonant,d̤z,2
Maharashtra,consonant,f,2
Maharashtra,consonant,tsʰ,2
Maharashtra,consonant,ɲ,2
Maharashtra,consonant,ɾ,2
Maharashtra,consonant,dʑ,1
Maharashtra,consonant,l̤,1
Maharashtra,consonant,m̤,1
Maharashtra,consonant,n̪̤,1
Maharashtra,consonant,r̠ʲ,1
Maharashtra,consonant,tɕ,1
Maharashtra,consonant,v,1
Maharashtra,consonant,w̤,1
Maharashtra,consonant,z,1
Maharashtra,consonant,ɦ,1
Maharashtra,consonant,ɳ̤,1
Maharashtra,consonant,ɽ,1
Maharashtra,consonant,ɽ̤,1
Maharashtra,consonant,ɾ̤,1
Maharashtra,vowel,a,5
Maharashtra,vowel,i,5
Maharashtra,vowel,iː,5
Maharashtra,vowel,u,5
Maharashtra,vowel,uː,5
Maharashtra,vowel,aː,4
Maharashtra,vowel,e,4
Maharashtra,vowel,eː,4
Maharashtra,vowel,o,4
Maharashtra,vowel,ə,4
Maharashtra,vowel,oː,3
Maharashtra,vowel,ɔ,2
Maharashtra,vowel,əː,2
Maharashtra,vowel,ɨ,2
Maharashtra,vowel,ɨː,2
Maharashtra,vowel,aˑ,1
Maharashtra,vowel,ã,1
Maharashtra,vowel,a̟,1
Maharashtra,vowel,ã̟,1
Maharashtra,vowel,eˑ,1
Maharashtra,vowel,ẽ,1
Maharashtra,vowel,iˑ,1
Maharashtra,vowel,ĩ,1
Maharashtra,vowel,oˑ,1
Maharashtra,vowel,õ,1
Maharashtra,vowel,uˑ,1
Maharashtra,vowel,ũ,1
Maharashtra,vowel,æ,1
Maharashtra,vowel,ɔ̃,1
Maharashtra,vowel,ə̃,1
Maharashtra,vowel,ɛ,1
Maharashtra,vowel,ɛ̃,1
Manipur,consonant,j,6
Manipur,consonant,l,6
Manipur,consonant,m,6
Manipur,consonant,p,6
Manipur,consonant,pʰ,6
Manipur,consonant,s,6
Manipur,consonant,b,5
Manipur,consonant,cç,5
Manipur,consonant,h,5
Manipur,consonant,k,5
Manipur,consonant,kʰ,5
Manipur,consonant,n,5
Manipur,consonant,v,5
Manipur,consonant,w,5
Manipur,consonant,ɡ,5
Manipur,consonant,f,4
Manipur,consonant,tʰ,4
Manipur,consonant,t̪,4
Manipur,consonant,z,4
Manipur,consonant,ç,4
Manipur,consonant,ŋ,4
Manipur,consonant,ɟʝ,4
Manipur,consonant,ʔ,4
Manipur,consonant,d̪,3
Manipur,consonant,r,3
Manipur,consonant,t,3
Manipur,consonant,t̪ʰ,3
Manipur,consonant,x,3
Manipur,consonant,b̤,2
Manipur,consonant,cçʰ,2
Manipur,consonant,d,2
Manipur,consonant,l̤,2
Manipur,consonant,n̪,2
Manipur,consonant,ts,2
Manipur,consonant,ɡʱ,2
Manipur,consonant,ɦ,2
Manipur,consonant,ɾ,2
Manipur,consonant,ʝ,2
Manipur,consonant,bv,1
Manipur,consonant,bʱ,1
Manipur,consonant,dz,1
Manipur,consonant,dʱ,1
Manipur,consonant,d̠ʒ,1
Manipur,consonant,d̠ʒʱ,1
Manipur,consonant,d̤,1
Manipur,consonant,d̪̤,1
Manipur,consonant,m̤,1
Manipur,consonant,m̩,1
Manipur,consonant,n̤,1
Manipur,consonant,n̩,1
Manipur,consonant,n̪̤,1
Manipur,consonant,pf,1
Manipur,consonant,pfʰ,1
Manipur,consonant,tsʰ,1
Manipur,consonant,t̠ʃ,1
Manipur,consonant,t̠ʃʰ,1
Manipur,consonant,w̤,1
Manipur,consonant,ŋ̩,1
Manipur,consonant,ɟ̤ʝ,1
Manipur,consonant,ɲ,1
Manipur,consonant,ɲ̤,1
Manipur,consonant,ɾ̤,1
Manipur,consonant,ʈ,1
Manipur,vowel,e,6
Manipur,vowel,i,6
Manipur,vowel,o,6
Manipur,vowel,u,6
Manipur,vowel,a,5
Manipur,vowel,ɔ,4
Manipur,vowel,ə,4
Manipur,vowel,ɨ,3
Manipur,vowel,ʌ,3
Manipur,vowel,e̞,2
Manipur,vowel,ɛ,2
Manipur,vowel,ʊ,2
Manipur,vowel,aː,1
Manipur,vowel,eː,1
Manipur,vowel,iː,1
Manipur,vowel,oː,1
Manipur,vowel,uː,1
Manipur,vowel,æ,1
Manipur,vowel,ɑ,1
Manipur,vowel,ɘ,1
Manipur,vowel,ɪ,1
Manipur,vowel,ɯ,1
Meghalaya,consonant,b,1
Meghalaya,consonant,d,1
Meghalaya,consonant,dz,1
Meghalaya,consonant,d̪,1
Meghalaya,consonant,h,1
Meghalaya,consonant,k,1
Meghalaya,consonant,kʰ,1
Meghalaya,consonant,l,1
Meghalaya,consonant,m,1
Meghalaya,consonant,mˀ,1
Meghalaya,consonant,n,1
Meghalaya,consonant,nˀ,1
Meghalaya,consonant,n̪,1
Meghalaya,consonant,p,1
Meghalaya,consonant,pʰ,1
Meghalaya,consonant,s,1
Meghalaya,consonant,s̻,1
Meghalaya,consonant,ts,1
Meghalaya,consonant,tʰ,1
Meghalaya,consonant,t̪,1
Meghalaya,consonant,w,1
Meghalaya,consonant,z,1
Meghalaya,consonant,ŋ,1
Meghalaya,consonant,ŋˀ,1
Meghalaya,consonant,ɡ,1
Meghalaya,consonant,ɾ,1
Meghalaya,consonant,ɾˀ,1
Meghalaya,consonant,ʔ,1
Meghalaya,vowel,a,1
Meghalaya,vowel,e,1
Meghalaya,vowel,e̞,1
Meghalaya,vowel,i,1
Meghalaya,vowel,o,1
Meghalaya,vowel,u,1
Meghalaya,vowel,ʉ,1
Mizoram,consonant,h,3
Mizoram,consonant,k,3
Mizoram,consonant,m,3
Mizoram,consonant,p,3
Mizoram,consonant,pʰ,3
Mizoram,consonant,v,3
Mizoram,consonant,ŋ,3
Mizoram,consonant,ʔ,3
Mizoram,consonant,b,2
Mizoram,consonant,f,2
Mizoram,consonant,kʰ,2
Mizoram,consonant,l,2
Mizoram,consonant,s,2
Mizoram,consonant,w̰,2
Mizoram,consonant,x,2
Mizoram,consonant,z,2
Mizoram,consonant,ɡ,2
Mizoram,consonant,cç,1
Mizoram,consonant,cçʰ,1
Mizoram,consonant,d,1
Mizoram,consonant,d̪,1
Mizoram,consonant,j,1
Mizoram,consonant,j̥,1
Mizoram,consonant,j̰,1
Mizoram,consonant,kʲ,1
Mizoram,consonant,kʷ,1
Mizoram,consonant,kʷʰ,1
Mizoram,consonant,l̪|l,1
Mizoram,consonant,l̪ʲ|lʲ,1
Mizoram,consonant,l̰,1
Mizoram,consonant,mb,1
Mizoram,consonant,mbʲ,1
Mizoram,consonant,mʲ,1
Mizoram,consonant,n,1
Mizoram,consonant,n̪,1
Mizoram,consonant,n̪d̪|nd,1
Mizoram,consonant,n̪d̪ʲ|ndʲ,1
Mizoram,consonant,n̪|n,1
Mizoram,consonant,pʲ,1
Mizoram,consonant,pʲʰ,1
Mizoram,consonant,q,1
Mizoram,consonant,qʰ,1
Mizoram,consonant,s̪|s,1
Mizoram,consonant,s̪ʲ|sʲ,1
Mizoram,consonant,t,1
Mizoram,consonant,ts,1
Mizoram,consonant,tɕ,1
Mizoram,consonant,tɕʰ,1
Mizoram,consonant,tʰ,1
Mizoram,consonant,t̪,1
Mizoram,consonant,t̪|t,1
Mizoram,consonant,t̪ɬ̪,1
Mizoram,consonant,t̪ɬ̪ʰ,1
Mizoram,consonant,t̪ʰ,1
Mizoram,consonant,t̪ʰ|tʰ,1
Mizoram,consonant,t̪ʲ|tʲ,1
Mizoram,consonant,t̪ʲʰ|tʲʰ,1
Mizoram,consonant,vʲ,1
Mizoram,consonant,w,1
Mizoram,consonant,ɕ,1
Mizoram,consonant,ɣ,1
Mizoram,consonant,ɬ̪|ɬ,1
Mizoram,consonant,ɬ̪ʲ|ɬʲ,1
Mizoram,consonant,ɲ,1
Mizoram,consonant,ɾ,1
Mizoram,consonant,ɾ̪̊,1
Mizoram,consonant,ɾ̪̊ʰ,1
Mizoram,consonant,ʍ,1
Mizoram,consonant,ʑ,1
Mizoram,consonant,ʱl,1
Mizoram,consonant,ʱm,1
Mizoram,consonant,ʱn̪,1
Mizoram,consonant,ʱŋ,1
Mizoram,consonant,ʱɾ,1
Mizoram,vowel,a,3
Mizoram,vowel,i,3
Mizoram,vowel,u,3
Mizoram,vowel,ɔ,2
Mizoram,vowel,aː,1
Mizoram,vowel,e,1
Mizoram,vowel,e̞,1
Mizoram,vowel,o,1
Mizoram,vowel,o̞,1
Mizoram,vowel,ə,1
Mizoram,vowel,ɛ,1
Nagaland,consonant,j,6
Nagaland,consonant,k,6
Nagaland,consonant,l,6
Nagaland,consonant,m,6
Nagaland,consonant,p,6
Nagaland,consonant,ts,6
Nagaland,consonant,w,6
Nagaland,consonant,ç,6
Nagaland,consonant,ɡ,6
Nagaland,consonant,b,5
Nagaland,consonant,cç,5
Nagaland,consonant,f,5
Nagaland,consonant,kʰ,5
Nagaland,consonant,l̤,5
Nagaland,consonant,pʰ,5
Nagaland,consonant,s,5
Nagaland,consonant,v,5
Nagaland,consonant,z,5
Nagaland,consonant,ŋ,5
Nagaland,consonant,ʝ,5
Nagaland,consonant,d̪,4
Nagaland,consonant,m̤,4
Nagaland,consonant,n,4
Nagaland,consonant,t̪,4
Nagaland,consonant,bv,3
Nagaland,consonant,cçʰ,3
Nagaland,consonant,d,3
Nagaland,consonant,dz,3
Nagaland,consonant,h,3
Nagaland,consonant,n̪,3
Nagaland,consonant,pf,3
Nagaland,consonant,r,3
Nagaland,consonant,t,3
Nagaland,consonant,tsʰ,3
Nagaland,consonant,tʰ,3
Nagaland,consonant,t̪ʰ,3
Nagaland,consonant,ɟʝ,3
Nagaland,consonant,ɲ,3
Nagaland,consonant,ɲ̤,3
Nagaland,consonant,n̤,2
Nagaland,consonant,n̪̤,2
Nagaland,consonant,r̤,2
Nagaland,consonant,ɦ,2
Nagaland,consonant,ɾ,2
Nagaland,consonant,ʔ,2
Nagaland,consonant,j̤,1
Nagaland,consonant,q,1
Nagaland,consonant,qʰ,1
Nagaland,consonant,t̠ʃ,1
Nagaland,consonant,t̠ʃʰ,1
Nagaland,consonant,w̤,1
Nagaland,consonant,x,1
Nagaland,consonant,ŋ̤,1
Nagaland,consonant,ɣ,1
Nagaland,consonant,ɭ͓,1
Nagaland,consonant,ɱ,1
Nagaland,consonant,ɹ,1
Nagaland,consonant,ɾ̤,1
Nagaland,consonant,ʃ,1
Nagaland,consonant,ʒ,1
Nagaland,vowel,e,6
Nagaland,vowel,i,6
Nagaland,vowel,o,6
Nagaland,vowel,u,6
Nagaland,vowel,ə,6
Nagaland,vowel,a,5
Nagaland,vowel,ɯ,2
Nagaland,vowel,e̞,1
Nagaland,vowel,u̞,1
Nagaland,vowel,ɔ,1
Nagaland,vowel,ɨ,1
Nagaland,vowel,ɪ,1
Nagaland,vowel,ʊ,1
Nagaland,vowel,ʌ,1
Odisha,consonant,k,9
Odisha,consonant,l,9
Odisha,consonant,m,9
Odisha,consonant,p,9
Odisha,consonant,s,9
Odisha,consonant,ŋ,9
Odisha,consonant,ɖ,9
Odisha,consonant,ɡ,9
Odisha,consonant,b,8
Odisha,consonant,d̪,8
Odisha,consonant,ɟʝ,8
Odisha,consonant,ɳ,8
Odisha,consonant,ʈ,8
Odisha,consonant,cç,7
Odisha,consonant,j,7
Odisha,consonant,n,7
Odisha,consonant,r,7
Odisha,consonant,t̪,7
Odisha,consonant,ɲ,7
Odisha,consonant,ɽ,7
Odisha,consonant,h,5
Odisha,consonant,n̪,5
Odisha,consonant,z,5
Odisha,consonant,ɟ,5
Odisha,consonant,ʔ,5
Odisha,consonant,t,4
Odisha,consonant,v,4
Odisha,consonant,ɭ,4
Odisha,consonant,ɾ,4
Odisha,consonant,c,3
Odisha,consonant,l̪,3
Odisha,consonant,w,3
Odisha,consonant,d,2
Odisha,consonant,dz,2
Odisha,consonant,kʰ,2
Odisha,consonant,pʰ,2
Odisha,consonant,s̪,2
Odisha,consonant,ts,2
Odisha,consonant,t̪ʰ,2
Odisha,consonant,ʂ,2
Odisha,consonant,ʈʰ,2
Odisha,consonant,b̤,1
Odisha,consonant,b̰,1
Odisha,consonant,cçʰ,1
Odisha,consonant,cʰ,1
Odisha,consonant,d̪̤,1
Odisha,consonant,d̪̺,1
Odisha,consonant,r̪,1
Odisha,consonant,tʰ,1
Odisha,consonant,t̪̰,1
Odisha,consonant,t̪̺,1
Odisha,consonant,ç,1
Odisha,consonant,ɖ̤,1
Odisha,consonant,ɟ̤,1
Odisha,consonant,ɟ̤ʝ,1
Odisha,consonant,ɡʱ,1
Odisha,consonant,ɡ̤,1
Odisha,consonant,ɽ̃,1
Odisha,consonant,ɽ̩,1
Odisha,consonant,β̞,1
Odisha,vowel,a,9
Odisha,vowel,e,9
Odisha,vowel,i,9
Odisha,vowel,u,9
Odisha,vowel,ũ,8
Odisha,vowel,ã,7
Odisha,vowel,ĩ,7
Odisha,vowel,o,7
Odisha,vowel,ũː,7
Odisha,vowel,ẽ,6
Odisha,vowel,õ̞,6
Odisha,vowel,æ̞̃,6
Odisha,vowel,ɔ,6
Odisha,vowel,ʊ̃,6
Odisha,vowel,aː,5
Odisha,vowel,eː,5
Odisha,vowel,iː,5
Odisha,vowel,õ,5
Odisha,vowel,uː,5
Odisha,vowel,ɪ̃,5
Odisha,vowel,oː,4
Odisha,vowel,ĩː,3
Odisha,vowel,ɔ̃,3
Odisha,vowel,ãː,2
Odisha,vowel,õː,2
Odisha,vowel,ɑ̃,2
Odisha,vowel,ɔː,2
Odisha,vowel,ə̃ː,2
Odisha,vowel,ɛ,2
Odisha,vowel,ɪ,2
Odisha,vowel,ai,1
Odisha,vowel,ai̯,1
Odisha,vowel,ao,1
Odisha,vowel,au̯,1
Odisha,vowel,ãi̯,1
Odisha,vowel,ãõ,1
Odisha,vowel,ãu̯,1
Odisha,vowel,a̰,1
Odisha,vowel,ea,1
Odisha,vowel,ei,1
Odisha,vowel,ei̯,1
Odisha,vowel,ẽi̯,1
Odisha,vowel,ẽː,1
Odisha,vowel,e̞,1
Odisha,vowel,e̞ː,1
Odisha,vowel,ẽ̞,1
Odisha,vowel,ḛ,1
Odisha,vowel,ia,1
Odisha,vowel,ie,1
Odisha,vowel,io,1
Odisha,vowel,ĩã,1
Odisha,vowel,ĩõ,1
Odisha,vowel,oi,1
Odisha,vowel,oi̯,1
Odisha,vowel,õi̯,1
Odisha,vowel,o̞,1
Odisha,vowel,o̞ː,1
Odisha,vowel,o̰,1
Odisha,vowel,ua,1
Odisha,vowel,ui̯,1
Odisha,vowel,ṵ,1
Odisha,vowel,æ,1
Odisha,vowel,æː,1
Odisha,vowel,æ̃,1
Odisha,vowel,ɑ̃ː,1
Odisha,vowel,ə,1
Odisha,vowel,ɛː,1
Odisha,vowel,ɛ̞,1
Odisha,vowel,ɯ̰,1
Odisha,vowel,ʊ,1
Odisha,vowel,ʌ,1
Punjab,consonant,b,1
Punjab,consonant,bː,1
Punjab,consonant,c,1
Punjab,consonant,cç,1
Punjab,consonant,cçʰ,1
Punjab,consonant,cʰ,1
Punjab,consonant,d̠ʒ,1
Punjab,consonant,d̠ʒː,1
Punjab,consonant,d̪,1
Punjab,consonant,d̻,1
Punjab,consonant,d̻ː,1
Punjab,consonant,f,1
Punjab,consonant,h,1
Punjab,consonant,j,1
Punjab,consonant,k,1
Punjab,consonant,kʰ,1
Punjab,consonant,kʰː,1
Punjab,consonant,kː,1
Punjab,consonant,l,1
Punjab,consonant,l̻,1
Punjab,consonant,l̻ː,1
Punjab,consonant,m,1
Punjab,consonant,mː,1
Punjab,consonant,n̪,1
Punjab,consonant,n̻,1
Punjab,consonant,n̻ː,1
Punjab,consonant,p,1
Punjab,consonant,pʰ,1
Punjab,consonant,pʰː,1
Punjab,consonant,pː,1
Punjab,consonant,r,1
Punjab,consonant,s,1
Punjab,consonant,s̻,1
Punjab,consonant,s̻ː,1
Punjab,consonant,t̠ʃ,1
Punjab,consonant,t̠ʃʰ,1
Punjab,consonant,t̠ʃʰː,1
Punjab,consonant,t̠ʃː,1
Punjab,consonant,t̪,1
Punjab,consonant,t̪ʰ,1
Punjab,consonant,t̻,1
Punjab,consonant,t̻ʰ,1
Punjab,consonant,t̻ʰː,1
Punjab,consonant,t̻ː,1
Punjab,consonant,w,1
Punjab,consonant,x,1
Punjab,consonant,z,1
Punjab,consonant,z̻,1
Punjab,consonant,ç,1
Punjab,consonant,ŋ,1
Punjab,consonant,ɖ,1
Punjab,consonant,ɖː,1
Punjab,consonant,ɟ,1
Punjab,consonant,ɟʝ,1
Punjab,consonant,ɡ,1
Punjab,consonant,ɡː,1
Punjab,consonant,ɣ,1
Punjab,consonant,ɦ,1
Punjab,consonant,ɭ,1
Punjab,consonant,ɲ,1
Punjab,consonant,ɳ,1
Punjab,consonant,ɽ,1
Punjab,consonant,ʂ,1
Punjab,consonant,ʃ,1
Punjab,consonant,ʈ,1
Punjab,consonant,ʈʰ,1
Punjab,consonant,ʈʰː,1
Punjab,consonant,ʈː,1
Punjab,vowel,a,1
Punjab,vowel,ã,1
Punjab,vowel,e,1
Punjab,vowel,ẽ,1
Punjab,vowel,e̞,1
Punjab,vowel,ẽ̞,1
Punjab,vowel,i,1
Punjab,vowel,ĩ,1
Punjab,vowel,o,1
Punjab,vowel,õ,1
Punjab,vowel,o̞,1
Punjab,vowel,õ̞,1
Punjab,vowel,u,1
Punjab,vowel,ũ,1
Punjab,vowel,ũː,1
Punjab,vowel,æ,1
Punjab,vowel,æ̃,1
Punjab,vowel,æ̞̃,1
Punjab,vowel,ɑ̃,1
Punjab,vowel,ɒ,1
Punjab,vowel,ɒ̃,1
Punjab,vowel,ɔ,1
Punjab,vowel,ɔ̃,1
Punjab,vowel,ə,1
Punjab,vowel,ə̃,1
Punjab,vowel,ɛ,1
Punjab,vowel,ɛ̃,1
Punjab,vowel,ɪ,1
Punjab,vowel,ɪ̃,1
Punjab,vowel,ʊ,1
Punjab,vowel,ʊ̃,1
Rajasthan,consonant,b,2
Rajasthan,consonant,d̠ʒ,2
Rajasthan,consonant,d̪,2
Rajasthan,consonant,h,2
Rajasthan,consonant,k,2
Rajasthan,consonant,kʰ,2
Rajasthan,consonant,l,2
Rajasthan,consonant,m,2
Rajasthan,consonant,n,2
Rajasthan,consonant,p,2
Rajasthan,consonant,pʰ,2
Rajasthan,consonant,s,2
Rajasthan,consonant,t̠ʃ,2
Rajasthan,consonant,t̪,2
Rajasthan,consonant,t̪ʰ,2
Rajasthan,consonant,ŋ,2
Rajasthan,consonant,ɖ,2
Rajasthan,consonant,ɡ,2
Rajasthan,consonant,ɡʱ,2
Rajasthan,consonant,ɲ,2
Rajasthan,consonant,ɳ,2
Rajasthan,consonant,ɽ,2
Rajasthan,consonant,ɾ,2
Rajasthan,consonant,ʈ,2
Rajasthan,consonant,ʈʰ,2
Rajasthan,consonant,ʝ,2
Rajasthan,consonant,bʱ,1
Rajasthan,consonant,bː,1
Rajasthan,consonant,b̤,1
Rajasthan,consonant,b̤ː,1
Rajasthan,consonant,cç,1
Rajasthan,consonant,cçʰ,1
Rajasthan,consonant,dz,1
Rajasthan,consonant,d̠ʒː,1
Rajasthan,consonant,d̠ʒ̤,1
Rajasthan,consonant,d̠ʒ̤ː,1
Rajasthan,consonant,d̠̤ʒ̤,1
Rajasthan,consonant,d̤ʒ̤,1
Rajasthan,consonant,d̤ʒ̤ː,1
Rajasthan,consonant,d̪ʱ,1
Rajasthan,consonant,d̪ː,1
Rajasthan,consonant,d̪̤,1
Rajasthan,consonant,d̪̤ː,1
Rajasthan,consonant,d̻,1
Rajasthan,consonant,d̻̤,1
Rajasthan,consonant,f,1
Rajasthan,consonant,fː,1
Rajasthan,consonant,j,1
Rajasthan,consonant,jː,1
Rajasthan,consonant,kʰː,1
Rajasthan,consonant,kː,1
Rajasthan,consonant,lː,1
Rajasthan,consonant,l̤,1
Rajasthan,consonant,l̪|l,1
Rajasthan,consonant,l̪̤|l̤,1
Rajasthan,consonant,l̻,1
Rajasthan,consonant,mʱ,1
Rajasthan,consonant,mː,1
Rajasthan,consonant,m̤,1
Rajasthan,consonant,nʱ,1
Rajasthan,consonant,nː,1
Rajasthan,consonant,n̪,1
Rajasthan,consonant,n̪ː,1
Rajasthan,consonant,n̪̤,1
Rajasthan,consonant,n̻,1
Rajasthan,consonant,pʰː,1
Rajasthan,consonant,pː,1
Rajasthan,consonant,q,1
Rajasthan,consonant,qː,1
Rajasthan,consonant,r,1
Rajasthan,consonant,rː,1
Rajasthan,consonant,r̪|r,1
Rajasthan,consonant,sː,1
Rajasthan,consonant,s̪|s,1
Rajasthan,consonant,ts,1
Rajasthan,consonant,t̠ʃʰ,1
Rajasthan,consonant,t̠ʃʰː,1
Rajasthan,consonant,t̠ʃː,1
Rajasthan,consonant,t̪ʰː,1
Rajasthan,consonant,t̪ː,1
Rajasthan,consonant,t̻,1
Rajasthan,consonant,t̻ʰ,1
Rajasthan,consonant,v,1
Rajasthan,consonant,vʱ,1
Rajasthan,consonant,w,1
Rajasthan,consonant,z,1
Rajasthan,consonant,zː,1
Rajasthan,consonant,z̪|z,1
Rajasthan,consonant,ç,1
Rajasthan,consonant,ŋː,1
Rajasthan,consonant,ɖʱ,1
Rajasthan,consonant,ɖː,1
Rajasthan,consonant,ɖ̤,1
Rajasthan,consonant,ɖ̤ː,1
Rajasthan,consonant,ɟʝ,1
Rajasthan,consonant,ɟ̤ʝ,1
Rajasthan,consonant,ɡː,1
Rajasthan,consonant,ɡ̤,1
Rajasthan,consonant,ɡ̤ː,1
Rajasthan,consonant,ɦ,1
Rajasthan,consonant,ɭ,1
Rajasthan,consonant,ɽ̃,1
Rajasthan,consonant,ɽ̤,1
Rajasthan,consonant,ʁ,1
Rajasthan,consonant,ʂ,1
Rajasthan,consonant,ʃ,1
Rajasthan,consonant,ʃː,1
Rajasthan,consonant,ʈʰː,1
Rajasthan,consonant,ʈː,1
Rajasthan,consonant,ʋ,1
Rajasthan,consonant,ʋː,1
Rajasthan,consonant,ʒ,1
Rajasthan,consonant,ʔ,1
Rajasthan,consonant,β̞,1
Rajasthan,consonant,χ,1
Rajasthan,vowel,a,2
Rajasthan,vowel,e,2
Rajasthan,vowel,i,2
Rajasthan,vowel,o,2
Rajasthan,vowel,u,2
Rajasthan,vowel,ə,2
Rajasthan,vowel,ɪ,2
Rajasthan,vowel,ʊ,2
Rajasthan,vowel,ai,1
Rajasthan,vowel,au,1
Rajasthan,vowel,aː,1
Rajasthan,vowel,ãː,1
Rajasthan,vowel,ã̈ː,1
Rajasthan,vowel,äː,1
Rajasthan,vowel,eː,1
Rajasthan,vowel,ẽː,1
Rajasthan,vowel,ẽ̞,1
Rajasthan,vowel,iː,1
Rajasthan,vowel,ĩ,1
Rajasthan,vowel,ĩː,1
Rajasthan,vowel,oː,1
Rajasthan,vowel,õ,1
Rajasthan,vowel,õː,1
Rajasthan,vowel,õ̞,1
Rajasthan,vowel,uː,1
Rajasthan,vowel,ũː,1
Rajasthan,vowel,æ,1
Rajasthan,vowel,æe̯,1
Rajasthan,vowel,æẽ̯,1
Rajasthan,vowel,æː,1
Rajasthan,vowel,æ̞̃,1
Rajasthan,vowel,ɑ,1
Rajasthan,vowel,ɑ̃,1
Rajasthan,vowel,ɔ,1
Rajasthan,vowel,ɔo̯,1
Rajasthan,vowel,ɔõ̯,1
Rajasthan,vowel,ɔː,1
Rajasthan,vowel,ɔ̃,1
Rajasthan,vowel,ɔ̃ː,1
Rajasthan,vowel,ɔ̤,1
Rajasthan,vowel,ə̃,1
Rajasthan,vowel,ɛ,1
Rajasthan,vowel,ɛː,1
Rajasthan,vowel,ɛ̃,1
Rajasthan,vowel,ɛ̃ː,1
Rajasthan,vowel,ɜ,1
Rajasthan,vowel,ɜ̃,1
Rajasthan,vowel,ɪ̃,1
Rajasthan,vowel,ɪ̈,1
Rajasthan,vowel,ʊ̃,1
Sikkim,consonant,h,2
Sikkim,consonant,j,2
Sikkim,consonant,k,2
Sikkim,consonant,l,2
Sikkim,consonant,m,2
Sikkim,consonant,n,2
Sikkim,consonant,p,2
Sikkim,consonant,s,2
Sikkim,consonant,ts,2
Sikkim,consonant,z,2
Sikkim,consonant,ŋ,2
Sikkim,consonant,ɲ,2
Sikkim,consonant,ʈ,2
Sikkim,consonant,b,1
Sikkim,consonant,cç,1
Sikkim,consonant,dz,1
Sikkim,consonant,d̪,1
Sikkim,consonant,f,1
Sikkim,consonant,kʰ,1
Sikkim,consonant,l̥,1
Sikkim,consonant,mb,1
Sikkim,consonant,nd,1
Sikkim,consonant,ndz,1
Sikkim,consonant,ndʑ,1
Sikkim,consonant,n̥,1
Sikkim,consonant,pʰ,1
Sikkim,consonant,r,1
Sikkim,consonant,r̥,1
Sikkim,consonant,t,1
Sikkim,consonant,tsʰ,1
Sikkim,consonant,tɕ,1
Sikkim,consonant,tɕʰ,1
Sikkim,consonant,tʰ,1
Sikkim,consonant,t̪,1
Sikkim,consonant,v,1
Sikkim,consonant,w,1
Sikkim,consonant,ç,1
Sikkim,consonant,ŋɡ,1
Sikkim,consonant,ŋ̊,1
Sikkim,consonant,ɕ,1
Sikkim,consonant,ɖ,1
Sikkim,consonant,ɟʝ,1
Sikkim,consonant,ɡ,1
Sikkim,consonant,ɲ̊,1
Sikkim,consonant,ɳɖ,1
Sikkim,consonant,ɾ,1
Sikkim,consonant,ʈʰ,1
Sikkim,consonant,ʑ,1
Sikkim,consonant,ʔ,1
Sikkim,consonant,ʝ,1
Sikkim,vowel,e,2
Sikkim,vowel,i,2
Sikkim,vowel,o,2
Sikkim,vowel,u,2
Sikkim,vowel,a,1
Sikkim,vowel,aː,1
Sikkim,vowel,ãː,1
Sikkim,vowel,eː,1
Sikkim,vowel,ẽː,1
Sikkim,vowel,e̞,1
Sikkim,vowel,iu,1
Sikkim,vowel,iː,1
Sikkim,vowel,ĩː,1
Sikkim,vowel,ou,1
Sikkim,vowel,oː,1
Sikkim,vowel,õː,1
Sikkim,vowel,ö,1
Sikkim,vowel,uː,1
Sikkim,vowel,ũː,1
Sikkim,vowel,üː,1
Sikkim,vowel,y,1
Sikkim,vowel,yː,1
Sikkim,vowel,ỹː,1
Sikkim,vowel,ø,1
Sikkim,vowel,øː,1
Sikkim,vowel,ø̃ː,1
Sikkim,vowel,ɐi,1
Sikkim,vowel,ɐu,1
Sikkim,vowel,ɑ,1
Sikkim,vowel,ɔ,1
Sikkim,vowel,ɛ,1
Sikkim,vowel,ɛː,1
Sikkim,vowel,ɛ̃ː,1
Sikkim,vowel,ʌ,1
Tamil Nadu,consonant,b,9
Tamil Nadu,consonant,d̪,9
Tamil Nadu,consonant,j,9
Tamil Nadu,consonant,k,9
Tamil Nadu,consonant,l,9
Tamil Nadu,consonant,m,9
Tamil Nadu,consonant,n,9
Tamil Nadu,consonant,p,9
Tamil Nadu,consonant,t̪,9
Tamil Nadu,consonant,ɖ,9
Tamil Nadu,consonant,ɡ,9
Tamil Nadu,consonant,ɭ,9
Tamil Nadu,consonant,ʈ,9
Tamil Nadu,consonant,r,8
Tamil Nadu,consonant,s,8
Tamil Nadu,consonant,ɳ,8
Tamil Nadu,consonant,cç,7
Tamil Nadu,consonant,w,7
Tamil Nadu,consonant,ŋ,7
Tamil Nadu,consonant,ɟʝ,7
Tamil Nadu,consonant,ɲ,6
Tamil Nadu,consonant,ʂ,6
Tamil Nadu,consonant,d,5
Tamil Nadu,consonant,t,5
Tamil Nadu,consonant,v,5
Tamil Nadu,consonant,ɾ,5
Tamil Nadu,consonant,n̪,4
Tamil Nadu,consonant,x,4
Tamil Nadu,consonant,z,4
Tamil Nadu,consonant,ɽ,4
Tamil Nadu,consonant,d̠ʒ,3
Tamil Nadu,consonant,f,3
Tamil Nadu,consonant,c,2
Tamil Nadu,consonant,dz,2
Tamil Nadu,consonant,h,2
Tamil Nadu,consonant,kʰ,2
Tamil Nadu,consonant,pʰ,2
Tamil Nadu,consonant,ts,2
Tamil Nadu,consonant,t̪ʰ,2
Tamil Nadu,consonant,ç,2
Tamil Nadu,consonant,ð,2
Tamil Nadu,consonant,ɟ,2
Tamil Nadu,consonant,ʈʰ,2
Tamil Nadu,consonant,ʋ,2
Tamil Nadu,consonant,ʐ,2
Tamil Nadu,consonant,ʝ,2
Tamil Nadu,consonant,b̤,1
Tamil Nadu,consonant,cçʰ,1
Tamil Nadu,consonant,d̪̤,1
Tamil Nadu,consonant,l̠˞,1
Tamil Nadu,consonant,l̥,1
Tamil Nadu,consonant,l̪,1
Tamil Nadu,consonant,m̤,1
Tamil Nadu,consonant,r̪,1
Tamil Nadu,consonant,s̪,1
Tamil Nadu,consonant,s̻̠,1
Tamil Nadu,consonant,tʰ,1
Tamil Nadu,consonant,t̠ʃ,1
Tamil Nadu,consonant,t̠ʃʰ,1
Tamil Nadu,consonant,z̪,1
Tamil Nadu,consonant,ɖ̤,1
Tamil Nadu,consonant,ɗ,1
Tamil Nadu,consonant,ɟ̤ʝ,1
Tamil Nadu,consonant,ɡʱ,1
Tamil Nadu,consonant,ɣ,1
Tamil Nadu,consonant,ɭ̥,1
Tamil Nadu,consonant,ɸ,1
Tamil Nadu,consonant,ɻ,1
Tamil Nadu,consonant,ʃ,1
Tamil Nadu,consonant,β,1
Tamil Nadu,consonant,θ,1
Tamil Nadu,vowel,i,9
Tamil Nadu,vowel,u,9
Tamil Nadu,vowel,a,8
Tamil Nadu,vowel,e,8
Tamil Nadu,vowel,o,8
Tamil Nadu,vowel,uː,6
Tamil Nadu,vowel,aː,5
Tamil Nadu,vowel,eː,5
Tamil Nadu,vowel,iː,5
Tamil Nadu,vowel,oː,5
Tamil Nadu,vowel,ə,5
Tamil Nadu,vowel,ɨ,5
Tamil Nadu,vowel,ɪ,4
Tamil Nadu,vowel,ʌ,4
Tamil Nadu,vowel,ɔ,3
Tamil Nadu,vowel,ɛ,3
Tamil Nadu,vowel,ʊ,3
Tamil Nadu,vowel,ai,2
Tamil Nadu,vowel,e̞,2
Tamil Nadu,vowel,au,1
Tamil Nadu,vowel,aɪ,1
Tamil Nadu,vowel,aʊ,1
Tamil Nadu,vowel,ä,1
Tamil Nadu,vowel,ë,1
Tamil Nadu,vowel,e̞ː,1
Tamil Nadu,vowel,ë̞,1
Tamil Nadu,vowel,ï,1
Tamil Nadu,vowel,ö,1
Tamil Nadu,vowel,o̞,1
Tamil Nadu,vowel,o̞ː,1
Tamil Nadu,vowel,ö̞,1
Tamil Nadu,vowel,ui,1
Tamil Nadu,vowel,üː,1
Tamil Nadu,vowel,u̞,1
Tamil Nadu,vowel,y,1
Tamil Nadu,vowel,yː,1
Tamil Nadu,vowel,æ,1
Tamil Nadu,vowel,æ̞̃,1
Tamil Nadu,vowel,ø,1
Tamil Nadu,vowel,øː,1
Tamil Nadu,vowel,ɐi,1
Tamil Nadu,vowel,ɑ,1
Tamil Nadu,vowel,ɑː,1
Tamil Nadu,vowel,ɔː,1
Tamil Nadu,vowel,əi,1
Tamil Nadu,vowel,əː,1
Tamil Nadu,vowel,ɛː,1
Tamil Nadu,vowel,ɪ̃,1
Tamil Nadu,vowel,ɯ,1
Tamil Nadu,vowel,ɯː,1
Tamil Nadu,vowel,ʊː,1
Tamil Nadu,vowel,ʊ̃,1
Tamil Nadu,vowel,ʊ̈,1
Tamil Nadu,vowel,ʊ̈i,1
Tamil Nadu,vowel,ʊ̞,1
Telangana,consonant,b,3
Telangana,consonant,dz,3
Telangana,consonant,d̪,3
Telangana,consonant,j,3
Telangana,consonant,k,3
Telangana,consonant,l,3
Telangana,consonant,m,3
Telangana,consonant,p,3
Telangana,consonant,s,3
Telangana,consonant,ts,3
Telangana,consonant,t̪,3
Telangana,consonant,w,3
Telangana,consonant,ɖ,3
Telangana,consonant,ɡ,3
Telangana,consonant,ɳ,3
Telangana,consonant,ʈ,3
Telangana,consonant,b̤,2
Telangana,consonant,cç,2
Telangana,consonant,d̪̤,2
Telangana,consonant,h,2
Telangana,consonant,kʰ,2
Telangana,consonant,n,2
Telangana,consonant,n̪,2
Telangana,consonant,pʰ,2
Telangana,consonant,s̪,2
Telangana,consonant,t,2
Telangana,consonant,t̠ʃ,2
Telangana,consonant,t̪ʰ,2
Telangana,consonant,v,2
Telangana,consonant,ŋ,2
Telangana,consonant,ɖ̤,2
Telangana,consonant,ɟʝ,2
Telangana,consonant,ɡʱ,2
Telangana,consonant,ɭ,2
Telangana,consonant,ɾ,2
Telangana,consonant,ʂ,2
Telangana,consonant,ʈʰ,2
Telangana,consonant,bː,1
Telangana,consonant,c,1
Telangana,consonant,cçʰ,1
Telangana,consonant,cʰ,1
Telangana,consonant,d,1
Telangana,consonant,dzː,1
Telangana,consonant,dː,1
Telangana,consonant,d̠ʒ,1
Telangana,consonant,d̤,1
Telangana,consonant,d̤z,1
Telangana,consonant,d̪̤|d̤,1
Telangana,consonant,f,1
Telangana,consonant,kː,1
Telangana,consonant,lː,1
Telangana,consonant,l̪,1
Telangana,consonant,mː,1
Telangana,consonant,nː,1
Telangana,consonant,pː,1
Telangana,consonant,r,1
Telangana,consonant,rː,1
Telangana,consonant,r̠,1
Telangana,consonant,r̠ʲ,1
Telangana,consonant,r̪,1
Telangana,consonant,tsʰ,1
Telangana,consonant,tsː,1
Telangana,consonant,tɕ,1
Telangana,consonant,tː,1
Telangana,consonant,x,1
Telangana,consonant,ç,1
Telangana,consonant,ɕ,1
Telangana,consonant,ɖː,1
Telangana,consonant,ɟ,1
Telangana,consonant,ɟ̤,1
Telangana,consonant,ɟ̤ʝ,1
Telangana,consonant,ɡː,1
Telangana,consonant,ɡ̤,1
Telangana,consonant,ɦ,1
Telangana,consonant,ɭː,1
Telangana,consonant,ɲ,1
Telangana,consonant,ɽ,1
Telangana,consonant,ʃ,1
Telangana,consonant,ʈː,1
Telangana,consonant,ʋ,1
Telangana,consonant,β̞,1
Telangana,consonant,β̞ː,1
Telangana,vowel,a,3
Telangana,vowel,e,3
Telangana,vowel,i,3
Telangana,vowel,o,3
Telangana,vowel,u,3
Telangana,vowel,aː,2
Telangana,vowel,eː,2
Telangana,vowel,iː,2
Telangana,vowel,oː,2
Telangana,vowel,uː,2
Telangana,vowel,ɑ,2
Telangana,vowel,ɛ,2
Telangana,vowel,ɪ,2
Telangana,vowel,ʊ,2
Telangana,vowel,o̞,1
Telangana,vowel,u̞,1
Telangana,vowel,æ,1
Telangana,vowel,æː,1
Telangana,vowel,ɐ,1
Telangana,vowel,ɒː,1
Telangana,vowel,ɔː,1
Telangana,vowel,ə,1
Telangana,vowel,ɛː,1
Telangana,vowel,ɜ,1
Telangana,vowel,ɪː,1
Telangana,vowel,ʊː,1
Telangana,vowel,ʌ,1
Tripura,consonant,b,1
Tripura,consonant,cç,1
Tripura,consonant,cçʰ,1
Tripura,consonant,d̪,1
Tripura,consonant,h,1
Tripura,consonant,j,1
Tripura,consonant,k,1
Tripura,consonant,kʰ,1
Tripura,consonant,l,1
Tripura,consonant,m,1
Tripura,consonant,n̪,1
Tripura,consonant,p,1
Tripura,consonant,pʰ,1
Tripura,consonant,r,1
Tripura,consonant,s,1
Tripura,consonant,ts,1
Tripura,consonant,tsʰ,1
Tripura,consonant,t̪,1
Tripura,consonant,t̪ʰ,1
Tripura,consonant,w,1
Tripura,consonant,ç,1
Tripura,consonant,ŋ,1
Tripura,consonant,ɟʝ,1
Tripura,consonant,ɡ,1
Tripura,consonant,ɲ,1
Tripura,vowel,a,1
Tripura,vowel,o,1
Tripura,vowel,u,1
Tripura,vowel,ɔ,1
Tripura,vowel,ɛ,1
Tripura,vowel,ɪ,1
Tripura,vowel,ɯ,1
Tripura,vowel,ʊ,1
Tripura,vowel,ʌ,1
Uttar Pradesh,consonant,b,1
Uttar Pradesh,consonant,b̤,1
Uttar Pradesh,consonant,cç,1
Uttar Pradesh,consonant,cçʰ,1
Uttar Pradesh,consonant,d̪,1
Uttar Pradesh,consonant,d̪̤,1
Uttar Pradesh,consonant,h,1
Uttar Pradesh,consonant,j,1
Uttar Pradesh,consonant,k,1
Uttar Pradesh,consonant,kʰ,1
Uttar Pradesh,consonant,l,1
Uttar Pradesh,consonant,l̤,1
Uttar Pradesh,consonant,m,1
Uttar Pradesh,consonant,m̤,1
Uttar Pradesh,consonant,n,1
Uttar Pradesh,consonant,p,1
Uttar Pradesh,consonant,pʰ,1
Uttar Pradesh,consonant,r,1
Uttar Pradesh,consonant,r̤,1
Uttar Pradesh,consonant,s,1
Uttar Pradesh,consonant,t̪,1
Uttar Pradesh,consonant,t̪ʰ,1
Uttar Pradesh,consonant,w,1
Uttar Pradesh,consonant,ŋ,1
Uttar Pradesh,consonant,ɖ,1
Uttar Pradesh,consonant,ɖ̤,1
Uttar Pradesh,consonant,ɟʝ,1
Uttar Pradesh,consonant,ɟ̤ʝ,1
Uttar Pradesh,consonant,ɡ,1
Uttar Pradesh,consonant,ɡʱ,1
Uttar Pradesh,consonant,ɦ,1
Uttar Pradesh,consonant,ɲ,1
Uttar Pradesh,consonant,ɳ,1
Uttar Pradesh,consonant,ɽ,1
Uttar Pradesh,consonant,ɽ̤,1
Uttar Pradesh,consonant,ʈ,1
Uttar Pradesh,consonant,ʈʰ,1
Uttar Pradesh,vowel,e,1
Uttar Pradesh,vowel,i,1
Uttar Pradesh,vowel,o,1
Uttar Pradesh,vowel,u,1
Uttar Pradesh,vowel,æ,1
Uttar Pradesh,vowel,ɑ,1
Uttar Pradesh,vowel,ɔ,1
Uttar Pradesh,vowel,ɛ,1
Uttarakhand,consonant,b,2
Uttarakhand,consonant,b̤,2
Uttarakhand,consonant,cç,2
Uttarakhand,consonant,cçʰ,2
Uttarakhand,consonant,d̪,2
Uttarakhand,consonant,d̪̤,2
Uttarakhand,consonant,j,2
Uttarakhand,consonant,k,2
Uttarakhand,consonant,kʰ,2
Uttarakhand,consonant,l,2
Uttarakhand,consonant,m,2
Uttarakhand,consonant,p,2
Uttarakhand,consonant,pʰ,2
Uttarakhand,consonant,t̪,2
Uttarakhand,consonant,t̪ʰ,2
Uttarakhand,consonant,w,2
Uttarakhand,consonant,ç,2
Uttarakhand,consonant,ŋ,2
Uttarakhand,consonant,ɖ,2
Uttarakhand,consonant,ɖ̤,2
Uttarakhand,consonant,ɟʝ,2
Uttarakhand,consonant,ɟ̤ʝ,2
Uttarakhand,consonant,ɡ,2
Uttarakhand,consonant,ɡʱ,2
Uttarakhand,consonant,ɳ,2
Uttarakhand,consonant,ɽ,2
Uttarakhand,consonant,ʈ,2
Uttarakhand,consonant,ʈʰ,2
Uttarakhand,consonant,h,1
Uttarakhand,consonant,n,1
Uttarakhand,consonant,n̪,1
Uttarakhand,consonant,r,1
Uttarakhand,consonant,s,1
Uttarakhand,consonant,ɦ,1
Uttarakhand,consonant,ɭ,1
Uttarakhand,consonant,ɲ,1
Uttarakhand,consonant,ɾ,1
Uttarakhand,vowel,a,2
Uttarakhand,vowel,e,2
Uttarakhand,vowel,i,2
Uttarakhand,vowel,o,2
Uttarakhand,vowel,u,2
Uttarakhand,vowel,ɔ,2
Uttarakhand,vowel,ɛ,2
Uttarakhand,vowel,aː,1
Uttarakhand,vowel,ẽ̞,1
Uttarakhand,vowel,iː,1
Uttarakhand,vowel,õː,1
Uttarakhand,vowel,õ̞,1
Uttarakhand,vowel,uː,1
Uttarakhand,vowel,æ̞̃,1
Uttarakhand,vowel,ɑ̃,1
Uttarakhand,vowel,ə,1
Uttarakhand,vowel,ə̃ː,1
Uttarakhand,vowel,ɪ,1
Uttarakhand,vowel,ʊ,1
Uttarakhand,vowel,ʊ̃,1
Uttarakhand,vowel,ʌ,1
West Bengal,consonant,b,4
West Bengal,consonant,j,4
West Bengal,consonant,k,4
West Bengal,consonant,l,4
West Bengal,consonant,m,4
West Bengal,consonant,n,4
West Bengal,consonant,p,4
West Bengal,consonant,s,4
West Bengal,consonant,w,4
West Bengal,consonant,ŋ,4
West Bengal,consonant,ɡ,4
West Bengal,consonant,c,3
West Bengal,consonant,d,3
West Bengal,consonant,d̪,3
West Bengal,consonant,h,3
West Bengal,consonant,n̪,3
West Bengal,consonant,r,3
West Bengal,consonant,t,3
West Bengal,consonant,t̪,3
West Bengal,consonant,ɖ,3
West Bengal,consonant,ɟ,3
West Bengal,consonant,ɲ,3
West Bengal,consonant,ɽ,3
West Bengal,consonant,ʈ,3
West Bengal,consonant,b̤,2
West Bengal,consonant,cç,2
West Bengal,consonant,d̤,2
West Bengal,consonant,kʰ,2
West Bengal,consonant,pʰ,2
West Bengal,consonant,tʰ,2
West Bengal,consonant,ɟʝ,2
West Bengal,consonant,ɾ,2
West Bengal,consonant,ʔ,2
West Bengal,consonant,b̰,1
West Bengal,consonant,cçʰ,1
West Bengal,consonant,dʑ,1
West Bengal,consonant,d̤ʑ̤,1
West Bengal,consonant,d̪̤,1
West Bengal,consonant,j̊,1
West Bengal,consonant,k̰,1
West Bengal,consonant,l̥,1
West Bengal,consonant,m̥,1
West Bengal,consonant,n̥,1
West Bengal,consonant,p̰,1
West Bengal,consonant,q,1
West Bengal,consonant,tɕ,1
West Bengal,consonant,t̪ʰ,1
West Bengal,consonant,t̪̰,1
West Bengal,consonant,ɖ̤,1
West Bengal,consonant,ɟ̤,1
West Bengal,consonant,ɟ̤ʝ,1
West Bengal,consonant,ɡʱ,1
West Bengal,consonant,ɡ̤,1
West Bengal,consonant,ɢ,1
West Bengal,consonant,ɣ,1
West Bengal,consonant,ɦ,1
West Bengal,consonant,ɳ,1
West Bengal,consonant,ɾ̥,1
West Bengal,consonant,ʈʰ,1
West Bengal,consonant,ʍ,1
West Bengal,consonant,θ,1
West Bengal,consonant,θ̪,1
West Bengal,vowel,a,4
West Bengal,vowel,e,4
West Bengal,vowel,i,4
West Bengal,vowel,o,4
West Bengal,vowel,u,4
West Bengal,vowel,aː,3
West Bengal,vowel,ã,3
West Bengal,vowel,eː,3
West Bengal,vowel,iː,3
West Bengal,vowel,ĩ,3
West Bengal,vowel,oː,3
West Bengal,vowel,õ,3
West Bengal,vowel,uː,3
West Bengal,vowel,ũ,3
West Bengal,vowel,ai,2
West Bengal,vowel,au,2
West Bengal,vowel,ẽ,2
West Bengal,vowel,iu,2
West Bengal,vowel,oe,2
West Bengal,vowel,oi,2
West Bengal,vowel,õ̞,2
West Bengal,vowel,ui,2
West Bengal,vowel,ə,2
West Bengal,vowel,ɪ̃,2
West Bengal,vowel,ae,1
West Bengal,vowel,ao,1
West Bengal,vowel,ea,1
West Bengal,vowel,ei,1
West Bengal,vowel,eo,1
West Bengal,vowel,eu,1
West Bengal,vowel,e̞,1
West Bengal,vowel,io,1
West Bengal,vowel,iə,1
West Bengal,vowel,oa,1
West Bengal,vowel,uə,1
West Bengal,vowel,ũː,1
West Bengal,vowel,u̞,1
West Bengal,vowel,æ̞̃,1
West Bengal,vowel,ɑ,1
West Bengal,vowel,ɔ,1
West Bengal,vowel,ɔe,1
West Bengal,vowel,ɔ̃,1
West Bengal,vowel,əi,1
West Bengal,vowel,əu,1
West Bengal,vowel,ə̃,1
West Bengal,vowel,ɛ,1
West Bengal,vowel,ɛo,1
West Bengal,vowel,ɛ̃,1
West Bengal,vowel,ɪ,1
West Bengal,vowel,ʊ,1
West Bengal,vowel,ʊ̃,1
West Bengal,vowel,ʌ,1
